Dimension,K,Mean_Degree,CV_Degree
1,1,1.79,0.02
1,2,1.84,0.0409
1,3,1.86,0.026
1,4,1.82,0.0194
1,5,1.86,0.0162
1,6,1.85,0.0184
1,7,1.85,0.0077
1,8,1.85,0.0125
1,9,1.86,0.0119
1,10,1.85,0.0132
1,11,1.85,0.0124
1,12,1.84,0.0149
1,13,1.83,0.0108
1,14,1.84,0.0154
1,15,1.84,0.0124
1,16,1.84,0.0106
1,17,1.83,0.0152
1,18,1.84,0.0115
1,19,1.82,0.0096
1,20,1.83,0.0155
1,21,1.82,0.0097
1,22,1.82,0.0124
1,23,1.82,0.0128
1,24,1.82,0.012
1,25,1.82,0.0087
1,26,1.81,0.0147
1,27,1.8,0.0154
1,28,1.81,0.0167
1,29,1.8,0.0144
1,30,1.8,0.0128
1,31,1.8,0.0143
1,32,1.8,0.0138
1,33,1.79,0.0161
1,34,1.79,0.0103
1,35,1.78,0.016
1,36,1.79,0.0118
1,37,1.79,0.0121
1,38,1.78,0.0144
1,39,1.78,0.0113
1,40,1.77,0.0175
1,41,1.77,0.0147
1,42,1.76,0.0112
1,43,1.77,0.0145
1,44,1.77,0.014
1,45,1.77,0.0139
1,46,1.76,0.0137
1,47,1.76,0.0157
1,48,1.76,0.0116
1,49,1.76,0.0132
2,1,1.76,0.0455
2,2,2.51,0.0464
2,3,2.88,0.046
2,4,3.03,0.025
2,5,3.17,0.0242
2,6,3.28,0.0191
2,7,3.44,0.0262
2,8,3.6,0.03
2,9,3.74,0.0252
2,10,3.79,0.025
2,11,3.86,0.0235
2,12,3.86,0.0368
2,13,3.8,0.0294
2,14,3.79,0.0326
2,15,3.71,0.0286
2,16,3.62,0.0211
2,17,3.58,0.0224
2,18,3.47,0.0242
2,19,3.44,0.0204
2,20,3.4,0.0198
2,21,3.35,0.0193
2,22,3.33,0.0188
2,23,3.32,0.0166
2,24,3.3,0.0185
2,25,3.32,0.015
2,26,3.3,0.0149
2,27,3.28,0.0157
2,28,3.31,0.0164
2,29,3.29,0.0175
2,30,3.3,0.0136
2,31,3.29,0.0155
2,32,3.29,0.0177
2,33,3.28,0.0157
2,34,3.27,0.0142
2,35,3.28,0.0133
2,36,3.27,0.0113
2,37,3.28,0.0117
2,38,3.26,0.0152
2,39,3.24,0.011
2,40,3.24,0.0122
2,41,3.23,0.0137
2,42,3.22,0.0129
2,43,3.2,0.0132
2,44,3.2,0.0098
2,45,3.19,0.014
2,46,3.17,0.014
2,47,3.16,0.018
2,48,3.15,0.0131
2,49,3.13,0.0186
3,1,1.77,0.0383
3,2,3.43,0.0345
3,3,3.73,0.0331
3,4,3.6,0.0524
3,5,4.57,0.0295
3,6,4.87,0.0247
3,7,4.88,0.0204
3,8,4.81,0.0275
3,9,4.67,0.0293
3,10,4.85,0.0249
3,11,5.05,0.0178
3,12,5.1,0.019
3,13,5.13,0.0171
3,14,5.13,0.0225
3,15,5.09,0.0169
3,16,5.09,0.0154
3,17,5.1,0.0186
3,18,5.12,0.0153
3,19,5.14,0.0153
3,20,5.19,0.0169
3,21,5.15,0.0142
3,22,5.15,0.0112
3,23,5.13,0.0156
3,24,5.11,0.0182
3,25,5.14,0.0125
3,26,5.13,0.0159
3,27,5.12,0.0174
3,28,5.1,0.0118
3,29,5.1,0.0153
3,30,5.11,0.0124
3,31,5.09,0.0138
3,32,5.09,0.0156
3,33,5.07,0.0126
3,34,5.07,0.0128
3,35,5.06,0.0146
3,36,5.06,0.0153
3,37,5.05,0.0123
3,38,5.05,0.0153
3,39,5.03,0.0121
3,40,5.02,0.0128
3,41,4.97,0.0119
3,42,4.99,0.0155
3,43,4.97,0.0137
3,44,4.94,0.0114
3,45,4.93,0.0132
3,46,4.91,0.0121
3,47,4.89,0.0159
3,48,4.87,0.0117
3,49,4.85,0.0132
4,1,1.78,0.0337
4,2,3.56,0.0172
4,3,4.77,0.0326
4,4,5.48,0.0199
4,5,5.98,0.0237
4,6,5.75,0.0179
4,7,5.47,0.0272
4,8,5.16,0.052
4,9,5.94,0.0304
4,10,6.41,0.0165
4,11,6.61,0.0256
4,12,6.79,0.0225
4,13,6.94,0.0206
4,14,6.94,0.0147
4,15,6.96,0.0156
4,16,6.96,0.0174
4,17,6.92,0.0132
4,18,6.88,0.0183
4,19,6.82,0.019
4,20,6.75,0.0149
4,21,6.69,0.014
4,22,6.62,0.0166
4,23,6.57,0.0194
4,24,6.52,0.017
4,25,6.49,0.0198
4,26,6.49,0.0134
4,27,6.49,0.0189
4,28,6.52,0.0156
4,29,6.47,0.0175
4,30,6.49,0.0199
4,31,6.52,0.0185
4,32,6.51,0.0156
4,33,6.51,0.0141
4,34,6.52,0.0134
4,35,6.48,0.0128
4,36,6.49,0.0161
4,37,6.49,0.0202
4,38,6.46,0.0162
4,39,6.44,0.0171
4,40,6.44,0.0143
4,41,6.39,0.0171
4,42,6.36,0.0133
4,43,6.37,0.0139
4,44,6.32,0.0117
4,45,6.31,0.0144
4,46,6.29,0.013
4,47,6.26,0.0134
4,48,6.19,0.0158
4,49,6.21,0.013
5,1,1.77,0.0383
5,2,3.57,0.0176
5,3,5.19,0.0144
5,4,6.47,0.0205
5,5,7.23,0.0161
5,6,7.8,0.0196
5,7,7.98,0.0158
5,8,7.54,0.0295
5,9,7.87,0.0266
5,10,7.88,0.018
5,11,7.76,0.0152
5,12,7.48,0.0261
5,13,7.2,0.0234
5,14,7.05,0.0317
5,15,6.98,0.0333
5,16,7.06,0.0373
5,17,7.28,0.031
5,18,7.38,0.0234
5,19,7.46,0.0239
5,20,7.6,0.0205
5,21,7.75,0.0154
5,22,7.85,0.0158
5,23,7.91,0.0169
5,24,7.99,0.0161
5,25,7.99,0.0142
5,26,8.04,0.0137
5,27,8.14,0.0183
5,28,8.06,0.0187
5,29,8.11,0.0145
5,30,8.11,0.0146
5,31,8.09,0.015
5,32,8.06,0.0181
5,33,8.05,0.0156
5,34,8.01,0.0152
5,35,7.98,0.0142
5,36,7.93,0.0129
5,37,7.93,0.0174
5,38,7.88,0.0102
5,39,7.85,0.0152
5,40,7.84,0.017
5,41,7.75,0.0129
5,42,7.72,0.014
5,43,7.67,0.0154
5,44,7.67,0.0156
5,45,7.58,0.0154
5,46,7.56,0.0137
5,47,7.52,0.0141
5,48,7.49,0.0148
5,49,7.41,0.0143
6,1,1.77,0.0383
6,2,3.54,0.0227
6,3,5.25,0.0178
6,4,6.83,0.0218
6,5,8.08,0.0179
6,6,8.87,0.0094
6,7,9.48,0.0126
6,8,9.89,0.0184
6,9,10.06,0.0157
6,10,10.16,0.015
6,11,10.31,0.0139
6,12,10.27,0.0126
6,13,10.25,0.0144
6,14,10.14,0.018
6,15,9.93,0.0187
6,16,9.65,0.0221
6,17,9.58,0.0187
6,18,9.49,0.0156
6,19,9.35,0.0171
6,20,9.29,0.0162
6,21,9.07,0.0147
6,22,8.91,0.0148
6,23,8.73,0.0193
6,24,8.66,0.0151
6,25,8.59,0.0219
6,26,8.45,0.0204
6,27,8.4,0.0233
6,28,8.37,0.0221
6,29,8.35,0.0212
6,30,8.32,0.0193
6,31,8.27,0.0159
6,32,8.33,0.0149
6,33,8.35,0.0204
6,34,8.3,0.0186
6,35,8.28,0.0184
6,36,8.29,0.0153
6,37,8.34,0.0172
6,38,8.3,0.0197
6,39,8.33,0.0168
6,40,8.3,0.0154
6,41,8.31,0.0162
6,42,8.28,0.0183
6,43,8.33,0.0153
6,44,8.3,0.0144
6,45,8.23,0.0132
6,46,8.3,0.0154
6,47,8.25,0.0141
6,48,8.22,0.0123
6,49,8.21,0.0136
7,1,1.78,0.0337
7,2,3.56,0.0214
7,3,5.33,0.0148
7,4,6.99,0.0142
7,5,8.45,0.0167
7,6,9.59,0.0123
7,7,10.37,0.0104
7,8,11.0,0.014
7,9,11.5,0.0159
7,10,11.82,0.013
7,11,12.05,0.0162
7,12,12.21,0.0124
7,13,12.31,0.0117
7,14,12.35,0.0146
7,15,12.38,0.0115
7,16,12.31,0.0137
7,17,12.26,0.0119
7,18,12.18,0.0129
7,19,12.09,0.0151
7,20,11.97,0.0156
7,21,11.81,0.0156
7,22,11.76,0.014
7,23,11.54,0.0127
7,24,11.4,0.0114
7,25,11.28,0.0132
7,26,11.09,0.014
7,27,11.04,0.0162
7,28,10.82,0.0149
7,29,10.71,0.0128
7,30,10.61,0.0094
7,31,10.48,0.0157
7,32,10.31,0.016
7,33,10.25,0.0134
7,34,10.1,0.0159
7,35,10.0,0.0112
7,36,9.85,0.0166
7,37,9.75,0.0136
7,38,9.71,0.0183
7,39,9.57,0.0144
7,40,9.49,0.0134
7,41,9.42,0.0109
7,42,9.33,0.0158
7,43,9.23,0.0132
7,44,9.19,0.0134
7,45,9.09,0.0151
7,46,9.03,0.0145
7,47,8.99,0.0124
7,48,8.95,0.0143
7,49,8.86,0.0182
8,1,1.8,0.0
8,2,3.54,0.0188
8,3,5.36,0.0122
8,4,7.12,0.0102
8,5,8.68,0.0132
8,6,10.02,0.0108
8,7,11.0,0.0091
8,8,11.8,0.013
8,9,12.5,0.0106
8,10,13.01,0.0129
8,11,13.36,0.0111
8,12,13.62,0.0157
8,13,13.77,0.0139
8,14,13.97,0.0113
8,15,14.02,0.0138
8,16,14.08,0.0128
8,17,14.09,0.0141
8,18,14.02,0.0105
8,19,14.05,0.0127
8,20,13.93,0.0137
8,21,13.8,0.0142
8,22,13.8,0.0128
8,23,13.67,0.0095
8,24,13.53,0.0124
8,25,13.36,0.0135
8,26,13.27,0.0141
8,27,13.17,0.0127
8,28,13.01,0.015
8,29,12.85,0.0129
8,30,12.8,0.0123
8,31,12.58,0.0131
8,32,12.47,0.0096
8,33,12.35,0.0129
8,34,12.18,0.0136
8,35,12.09,0.0137
8,36,12.0,0.0129
8,37,11.86,0.0118
8,38,11.73,0.0137
8,39,11.63,0.0111
8,40,11.52,0.019
8,41,11.3,0.0119
8,42,11.26,0.0136
8,43,11.13,0.0106
8,44,11.1,0.0124
8,45,10.91,0.0132
8,46,10.77,0.0123
8,47,10.73,0.0146
8,48,10.63,0.0148
8,49,10.54,0.012
9,1,1.78,0.0337
9,2,3.54,0.0237
9,3,5.38,0.0093
9,4,7.13,0.0073
9,5,8.76,0.0122
9,6,10.22,0.01
9,7,11.43,0.0113
9,8,12.43,0.0085
9,9,13.23,0.0092
9,10,13.81,0.0134
9,11,14.25,0.0082
9,12,14.73,0.0127
9,13,15.02,0.0105
9,14,15.25,0.0133
9,15,15.39,0.0111
9,16,15.45,0.0135
9,17,15.49,0.0151
9,18,15.48,0.0125
9,19,15.57,0.0129
9,20,15.47,0.0148
9,21,15.44,0.0121
9,22,15.38,0.011
9,23,15.28,0.0108
9,24,15.17,0.0143
9,25,15.09,0.0125
9,26,14.99,0.015
9,27,14.87,0.0132
9,28,14.71,0.0123
9,29,14.55,0.0135
9,30,14.44,0.0128
9,31,14.31,0.0132
9,32,14.16,0.015
9,33,14.06,0.0118
9,34,13.87,0.0125
9,35,13.82,0.0127
9,36,13.61,0.0109
9,37,13.54,0.0114
9,38,13.38,0.0122
9,39,13.27,0.0113
9,40,13.13,0.0128
9,41,13.01,0.0132
9,42,12.84,0.0101
9,43,12.7,0.0109
9,44,12.61,0.0128
9,45,12.52,0.0116
9,46,12.35,0.0123
9,47,12.23,0.0137
9,48,12.17,0.0125
9,49,12.06,0.0127
10,1,1.79,0.0279
10,2,3.55,0.0174
10,3,5.39,0.0056
10,4,7.17,0.0061
10,5,8.83,0.01
10,6,10.4,0.0115
10,7,11.74,0.0102
10,8,12.86,0.0103
10,9,13.71,0.0103
10,10,14.46,0.0118
10,11,15.06,0.0107
10,12,15.53,0.0107
10,13,15.95,0.0129
10,14,16.25,0.0104
10,15,16.43,0.0119
10,16,16.58,0.0097
10,17,16.74,0.0135
10,18,16.76,0.0129
10,19,16.76,0.0116
10,20,16.79,0.0117
10,21,16.77,0.0134
10,22,16.68,0.0118
10,23,16.57,0.0127
10,24,16.51,0.0155
10,25,16.43,0.0106
10,26,16.27,0.0112
10,27,16.15,0.0118
10,28,16.05,0.0151
10,29,15.93,0.0109
10,30,15.8,0.0128
10,31,15.77,0.0117
10,32,15.55,0.0109
10,33,15.4,0.0108
10,34,15.32,0.0101
10,35,15.1,0.0092
10,36,14.96,0.015
10,37,14.88,0.0089
10,38,14.78,0.0112
10,39,14.6,0.0094
10,40,14.44,0.0127
10,41,14.35,0.0093
10,42,14.22,0.0129
10,43,14.08,0.0142
10,44,13.92,0.0132
10,45,13.76,0.0099
10,46,13.6,0.0133
10,47,13.51,0.0116
10,48,13.39,0.011
10,49,13.25,0.0146
11,1,1.76,0.0455
11,2,3.57,0.0147
11,3,5.39,0.0042
11,4,7.18,0.0049
11,5,8.91,0.0062
11,6,10.52,0.0065
11,7,11.92,0.0114
11,8,13.12,0.0105
11,9,14.13,0.011
11,10,15.0,0.0099
11,11,15.72,0.0087
11,12,16.3,0.008
11,13,16.71,0.0096
11,14,17.07,0.0128
11,15,17.37,0.0128
11,16,17.57,0.011
11,17,17.74,0.0134
11,18,17.72,0.0109
11,19,17.81,0.0106
11,20,17.83,0.0135
11,21,17.78,0.0098
11,22,17.77,0.0122
11,23,17.77,0.0117
11,24,17.67,0.0149
11,25,17.6,0.0125
11,26,17.48,0.012
11,27,17.43,0.011
11,28,17.23,0.0114
11,29,17.05,0.0111
11,30,17.04,0.0117
11,31,16.78,0.0094
11,32,16.71,0.0132
11,33,16.59,0.0101
11,34,16.46,0.01
11,35,16.3,0.0134
11,36,16.1,0.0105
11,37,15.98,0.0102
11,38,15.89,0.0109
11,39,15.73,0.0133
11,40,15.61,0.0104
11,41,15.44,0.0116
11,42,15.27,0.0127
11,43,15.15,0.0105
11,44,14.97,0.0099
11,45,14.8,0.0095
11,46,14.71,0.0094
11,47,14.58,0.0116
11,48,14.53,0.0137
11,49,14.31,0.0096
12,1,1.78,0.0337
12,2,3.56,0.0173
12,3,5.4,0.0031
12,4,7.19,0.0028
12,5,8.92,0.0074
12,6,10.58,0.0074
12,7,12.1,0.0092
12,8,13.31,0.0093
12,9,14.49,0.0102
12,10,15.46,0.0102
12,11,16.19,0.0082
12,12,16.86,0.0107
12,13,17.31,0.0091
12,14,17.8,0.0083
12,15,18.05,0.0111
12,16,18.32,0.0113
12,17,18.46,0.0121
12,18,18.7,0.0114
12,19,18.73,0.0108
12,20,18.72,0.0073
12,21,18.8,0.0111
12,22,18.74,0.0081
12,23,18.71,0.0089
12,24,18.61,0.0086
12,25,18.57,0.0104
12,26,18.54,0.0136
12,27,18.38,0.0125
12,28,18.27,0.0108
12,29,18.1,0.0115
12,30,18.07,0.0127
12,31,17.85,0.0111
12,32,17.77,0.0112
12,33,17.6,0.0093
12,34,17.4,0.0133
12,35,17.28,0.0086
12,36,17.14,0.0112
12,37,16.98,0.0083
12,38,16.88,0.0101
12,39,16.7,0.0103
12,40,16.57,0.0102
12,41,16.39,0.0103
12,42,16.23,0.0112
12,43,16.07,0.0112
12,44,16.02,0.0086
12,45,15.78,0.0106
12,46,15.67,0.0124
12,47,15.47,0.01
12,48,15.36,0.0098
12,49,15.21,0.012
13,1,1.79,0.0279
13,2,3.57,0.0143
13,3,5.4,0.0031
13,4,7.19,0.003
13,5,8.95,0.0064
13,6,10.63,0.0054
13,7,12.15,0.0087
13,8,13.55,0.009
13,9,14.73,0.0099
13,10,15.75,0.0087
13,11,16.59,0.0108
13,12,17.29,0.0102
13,13,17.88,0.0078
13,14,18.42,0.0116
13,15,18.68,0.0094
13,16,18.95,0.0116
13,17,19.2,0.0109
13,18,19.45,0.0117
13,19,19.56,0.0106
13,20,19.55,0.0099
13,21,19.6,0.0125
13,22,19.58,0.0108
13,23,19.53,0.0091
13,24,19.53,0.0103
13,25,19.43,0.0087
13,26,19.32,0.0109
13,27,19.31,0.0118
13,28,19.14,0.0101
13,29,19.01,0.0104
13,30,18.93,0.0147
13,31,18.74,0.0108
13,32,18.58,0.0102
13,33,18.44,0.0117
13,34,18.34,0.0113
13,35,18.16,0.0106
13,36,17.94,0.0112
13,37,17.81,0.0109
13,38,17.66,0.0098
13,39,17.52,0.0101
13,40,17.37,0.0078
13,41,17.23,0.0106
13,42,17.07,0.0096
13,43,16.85,0.0106
13,44,16.77,0.0117
13,45,16.55,0.008
13,46,16.48,0.0098
13,47,16.27,0.0077
13,48,16.17,0.0072
13,49,16.01,0.0121
14,1,1.8,0.0
14,2,3.57,0.0151
14,3,5.4,0.0022
14,4,7.2,0.0017
14,5,8.96,0.0042
14,6,10.68,0.0048
14,7,12.29,0.0066
14,8,13.65,0.0089
14,9,14.92,0.0083
14,10,16.01,0.0113
14,11,16.92,0.0103
14,12,17.72,0.0099
14,13,18.39,0.008
14,14,18.85,0.0084
14,15,19.29,0.0105
14,16,19.63,0.0099
14,17,19.85,0.0103
14,18,20.02,0.0085
14,19,20.16,0.0115
14,20,20.22,0.0079
14,21,20.29,0.0111
14,22,20.27,0.0135
14,23,20.24,0.0098
14,24,20.3,0.0119
14,25,20.24,0.0105
14,26,20.16,0.0114
14,27,20.06,0.0113
14,28,19.94,0.0104
14,29,19.78,0.0098
14,30,19.64,0.0094
14,31,19.53,0.0115
14,32,19.4,0.0096
14,33,19.21,0.0096
14,34,19.08,0.011
14,35,18.83,0.0091
14,36,18.73,0.0094
14,37,18.64,0.0095
14,38,18.46,0.0119
14,39,18.25,0.0105
14,40,18.13,0.0112
14,41,17.87,0.0102
14,42,17.82,0.0122
14,43,17.6,0.0122
14,44,17.44,0.0108
14,45,17.28,0.0092
14,46,17.1,0.0114
14,47,16.98,0.0108
14,48,16.87,0.0077
14,49,16.69,0.0062
15,1,1.79,0.02
15,2,3.56,0.0153
15,3,5.4,0.0
15,4,7.2,0.0017
15,5,8.97,0.0044
15,6,10.7,0.0063
15,7,12.28,0.0068
15,8,13.81,0.0073
15,9,15.06,0.0078
15,10,16.26,0.0083
15,11,17.19,0.0093
15,12,18.01,0.0083
15,13,18.69,0.0119
15,14,19.33,0.0102
15,15,19.82,0.0119
15,16,20.13,0.009
15,17,20.46,0.0104
15,18,20.64,0.0095
15,19,20.79,0.0098
15,20,20.95,0.008
15,21,20.97,0.01
15,22,21.01,0.0118
15,23,21.01,0.0113
15,24,20.99,0.0114
15,25,20.88,0.0104
15,26,20.82,0.0099
15,27,20.72,0.012
15,28,20.52,0.012
15,29,20.52,0.0068
15,30,20.35,0.0097
15,31,20.24,0.0096
15,32,20.08,0.0102
15,33,19.91,0.0095
15,34,19.74,0.009
15,35,19.53,0.0096
15,36,19.42,0.012
15,37,19.17,0.0101
15,38,19.03,0.0119
15,39,18.93,0.0095
15,40,18.76,0.0098
15,41,18.63,0.0115
15,42,18.41,0.0075
15,43,18.27,0.011
15,44,18.12,0.0093
15,45,17.95,0.0099
15,46,17.76,0.0103
15,47,17.54,0.0098
15,48,17.35,0.0082
15,49,17.23,0.0097
16,1,1.76,0.0455
16,2,3.58,0.0133
16,3,5.4,0.0
16,4,7.2,0.0
16,5,8.98,0.003
16,6,10.71,0.0043
16,7,12.35,0.0077
16,8,13.88,0.007
16,9,15.26,0.0066
16,10,16.42,0.0095
16,11,17.46,0.0074
16,12,18.35,0.0085
16,13,19.03,0.0065
16,14,19.64,0.0095
16,15,20.16,0.0073
16,16,20.58,0.011
16,17,20.84,0.0129
16,18,21.14,0.0118
16,19,21.25,0.0097
16,20,21.48,0.0131
16,21,21.57,0.0089
16,22,21.58,0.011
16,23,21.62,0.0107
16,24,21.6,0.0101
16,25,21.5,0.0128
16,26,21.4,0.0101
16,27,21.33,0.0118
16,28,21.32,0.0108
16,29,21.15,0.0107
16,30,20.87,0.0095
16,31,20.82,0.0121
16,32,20.71,0.0114
16,33,20.46,0.0087
16,34,20.36,0.0092
16,35,20.17,0.0102
16,36,20.03,0.01
16,37,19.9,0.0111
16,38,19.68,0.0108
16,39,19.51,0.0083
16,40,19.39,0.0113
16,41,19.19,0.008
16,42,18.97,0.0101
16,43,18.82,0.0106
16,44,18.6,0.0109
16,45,18.5,0.0089
16,46,18.29,0.0084
16,47,18.16,0.0106
16,48,17.98,0.0099
16,49,17.76,0.008
17,1,1.79,0.0279
17,2,3.57,0.0124
17,3,5.4,0.0022
17,4,7.2,0.0
17,5,8.99,0.0027
17,6,10.72,0.0043
17,7,12.39,0.0048
17,8,13.92,0.0079
17,9,15.32,0.0064
17,10,16.55,0.0072
17,11,17.71,0.0089
17,12,18.58,0.01
17,13,19.31,0.0102
17,14,20.02,0.0096
17,15,20.54,0.0087
17,16,20.96,0.0108
17,17,21.38,0.0126
17,18,21.6,0.0106
17,19,21.79,0.0113
17,20,21.99,0.0093
17,21,22.03,0.0085
17,22,22.08,0.0106
17,23,22.03,0.0115
17,24,22.07,0.0094
17,25,22.12,0.0085
17,26,21.91,0.0109
17,27,21.9,0.0084
17,28,21.81,0.0082
17,29,21.69,0.0091
17,30,21.47,0.0098
17,31,21.42,0.0095
17,32,21.2,0.0083
17,33,21.05,0.0087
17,34,20.93,0.0092
17,35,20.81,0.0094
17,36,20.59,0.0078
17,37,20.4,0.0094
17,38,20.17,0.0098
17,39,20.13,0.0093
17,40,19.82,0.0081
17,41,19.72,0.0096
17,42,19.47,0.0085
17,43,19.3,0.0071
17,44,19.14,0.0092
17,45,18.98,0.0099
17,46,18.78,0.0112
17,47,18.62,0.0107
17,48,18.49,0.008
17,49,18.29,0.0101
18,1,1.77,0.0422
18,2,3.58,0.0104
18,3,5.4,0.0
18,4,7.2,0.0
18,5,8.99,0.0019
18,6,10.74,0.0042
18,7,12.43,0.0054
18,8,14.01,0.0063
18,9,15.43,0.0072
18,10,16.7,0.0087
18,11,17.86,0.0087
18,12,18.82,0.0082
18,13,19.62,0.0089
18,14,20.29,0.0094
18,15,20.87,0.0087
18,16,21.35,0.0093
18,17,21.74,0.0091
18,18,22.03,0.0104
18,19,22.19,0.0112
18,20,22.36,0.0102
18,21,22.46,0.0099
18,22,22.44,0.0089
18,23,22.56,0.009
18,24,22.64,0.01
18,25,22.63,0.0096
18,26,22.5,0.0106
18,27,22.39,0.0118
18,28,22.24,0.0115
18,29,22.14,0.0078
18,30,22.1,0.0107
18,31,21.93,0.0111
18,32,21.76,0.0088
18,33,21.59,0.009
18,34,21.42,0.011
18,35,21.21,0.0094
18,36,21.08,0.0108
18,37,20.91,0.0081
18,38,20.69,0.0097
18,39,20.54,0.0112
18,40,20.34,0.0124
18,41,20.19,0.009
18,42,19.95,0.0086
18,43,19.78,0.0087
18,44,19.58,0.0084
18,45,19.4,0.0079
18,46,19.26,0.0096
18,47,19.1,0.0102
18,48,18.85,0.0081
18,49,18.7,0.0089
19,1,1.78,0.0337
19,2,3.57,0.0147
19,3,5.4,0.0022
19,4,7.2,0.0012
19,5,8.99,0.002
19,6,10.76,0.0035
19,7,12.43,0.0051
19,8,14.03,0.0064
19,9,15.49,0.0066
19,10,16.8,0.0086
19,11,17.94,0.0098
19,12,18.99,0.0092
19,13,19.83,0.0077
19,14,20.61,0.009
19,15,21.16,0.008
19,16,21.62,0.0092
19,17,22.06,0.009
19,18,22.36,0.0097
19,19,22.64,0.0114
19,20,22.8,0.0111
19,21,22.89,0.0086
19,22,23.06,0.01
19,23,23.05,0.0105
19,24,23.03,0.0089
19,25,23.02,0.0113
19,26,22.9,0.0102
19,27,22.86,0.0099
19,28,22.74,0.0109
19,29,22.72,0.0094
19,30,22.56,0.0106
19,31,22.4,0.0114
19,32,22.23,0.0088
19,33,22.06,0.0106
19,34,21.88,0.0079
19,35,21.73,0.0084
19,36,21.52,0.0108
19,37,21.25,0.0106
19,38,21.19,0.0113
19,39,21.04,0.0102
19,40,20.81,0.0105
19,41,20.58,0.0107
19,42,20.47,0.0094
19,43,20.23,0.0082
19,44,20.05,0.0079
19,45,19.89,0.0092
19,46,19.7,0.0087
19,47,19.44,0.01
19,48,19.36,0.0115
19,49,19.13,0.0099
20,1,1.79,0.02
20,2,3.56,0.0153
20,3,5.4,0.0
20,4,7.2,0.0
20,5,8.99,0.002
20,6,10.76,0.0038
20,7,12.46,0.0052
20,8,14.08,0.0051
20,9,15.54,0.0061
20,10,16.91,0.0072
20,11,18.16,0.0061
20,12,19.16,0.0084
20,13,19.99,0.009
20,14,20.79,0.008
20,15,21.42,0.0072
20,16,21.95,0.0099
20,17,22.41,0.0099
20,18,22.67,0.0089
20,19,22.96,0.01
20,20,23.15,0.0095
20,21,23.27,0.0084
20,22,23.4,0.0107
20,23,23.44,0.0094
20,24,23.4,0.0088
20,25,23.4,0.0104
20,26,23.37,0.0106
20,27,23.31,0.0102
20,28,23.14,0.0099
20,29,22.98,0.0104
20,30,22.95,0.0089
20,31,22.77,0.009
20,32,22.64,0.0111
20,33,22.55,0.0086
20,34,22.29,0.0079
20,35,22.12,0.0106
20,36,21.93,0.0103
20,37,21.83,0.0096
20,38,21.62,0.0095
20,39,21.42,0.0112
20,40,21.21,0.0086
20,41,21.0,0.0092
20,42,20.83,0.008
20,43,20.65,0.0096
20,44,20.34,0.0091
20,45,20.23,0.0079
20,46,20.02,0.0097
20,47,19.84,0.008
20,48,19.62,0.0084
20,49,19.5,0.0106
21,1,1.78,0.0337
21,2,3.58,0.0112
21,3,5.4,0.0
21,4,7.2,0.0
21,5,9.0,0.0013
21,6,10.76,0.0035
21,7,12.47,0.0041
21,8,14.11,0.0061
21,9,15.62,0.0059
21,10,17.01,0.0069
21,11,18.16,0.0055
21,12,19.28,0.0073
21,13,20.22,0.0083
21,14,20.98,0.0082
21,15,21.61,0.0076
21,16,22.15,0.0103
21,17,22.69,0.0105
21,18,23.0,0.0104
21,19,23.35,0.0108
21,20,23.51,0.0098
21,21,23.62,0.0111
21,22,23.79,0.0086
21,23,23.85,0.0082
21,24,23.82,0.0074
21,25,23.83,0.0103
21,26,23.74,0.0064
21,27,23.68,0.009
21,28,23.57,0.0102
21,29,23.48,0.0086
21,30,23.41,0.0092
21,31,23.19,0.0102
21,32,23.03,0.0102
21,33,22.9,0.0094
21,34,22.74,0.0091
21,35,22.44,0.0092
21,36,22.37,0.0087
21,37,22.2,0.0099
21,38,21.93,0.0115
21,39,21.81,0.01
21,40,21.58,0.0084
21,41,21.37,0.0095
21,42,21.16,0.0083
21,43,21.01,0.0101
21,44,20.78,0.0074
21,45,20.54,0.009
21,46,20.42,0.0086
21,47,20.14,0.0067
21,48,20.0,0.0089
21,49,19.79,0.0077
22,1,1.79,0.0279
22,2,3.59,0.0095
22,3,5.4,0.0
22,4,7.2,0.0
22,5,8.99,0.0019
22,6,10.77,0.0032
22,7,12.5,0.0055
22,8,14.14,0.0059
22,9,15.68,0.0065
22,10,17.06,0.0064
22,11,18.29,0.0061
22,12,19.41,0.0061
22,13,20.37,0.0073
22,14,21.19,0.006
22,15,21.88,0.009
22,16,22.38,0.0079
22,17,22.95,0.0069
22,18,23.29,0.01
22,19,23.59,0.008
22,20,23.84,0.011
22,21,23.98,0.0088
22,22,24.1,0.0094
22,23,24.15,0.0094
22,24,24.2,0.0083
22,25,24.14,0.0105
22,26,24.14,0.0084
22,27,24.06,0.0067
22,28,23.91,0.0086
22,29,23.83,0.0112
22,30,23.71,0.0089
22,31,23.57,0.0091
22,32,23.41,0.0086
22,33,23.26,0.0075
22,34,23.0,0.008
22,35,22.93,0.0074
22,36,22.71,0.0089
22,37,22.46,0.0091
22,38,22.3,0.0088
22,39,22.1,0.009
22,40,21.89,0.009
22,41,21.76,0.0079
22,42,21.48,0.0088
22,43,21.33,0.0079
22,44,21.08,0.0094
22,45,20.93,0.0096
22,46,20.72,0.0086
22,47,20.5,0.0091
22,48,20.35,0.0088
22,49,20.13,0.007
23,1,1.79,0.0279
23,2,3.58,0.0127
23,3,5.4,0.0
23,4,7.2,0.0
23,5,8.99,0.0018
23,6,10.78,0.0023
23,7,12.5,0.0045
23,8,14.16,0.005
23,9,15.71,0.0059
23,10,17.13,0.0075
23,11,18.41,0.008
23,12,19.54,0.0084
23,13,20.54,0.0066
23,14,21.34,0.0069
23,15,22.16,0.0092
23,16,22.62,0.0077
23,17,23.12,0.0086
23,18,23.54,0.0087
23,19,23.87,0.0091
23,20,24.03,0.0067
23,21,24.26,0.0107
23,22,24.37,0.0099
23,23,24.45,0.0106
23,24,24.56,0.0108
23,25,24.49,0.01
23,26,24.38,0.0094
23,27,24.34,0.0098
23,28,24.27,0.0104
23,29,24.21,0.0098
23,30,24.01,0.009
23,31,23.97,0.0088
23,32,23.84,0.0102
23,33,23.6,0.008
23,34,23.35,0.0084
23,35,23.2,0.011
23,36,23.07,0.0068
23,37,22.87,0.0103
23,38,22.67,0.0084
23,39,22.45,0.009
23,40,22.22,0.0079
23,41,22.04,0.0082
23,42,21.85,0.0085
23,43,21.59,0.0085
23,44,21.41,0.0081
23,45,21.15,0.0077
23,46,21.01,0.0102
23,47,20.77,0.0075
23,48,20.62,0.0077
23,49,20.37,0.0091
24,1,1.78,0.0337
24,2,3.57,0.0179
24,3,5.4,0.0022
24,4,7.2,0.0
24,5,9.0,0.0013
24,6,10.78,0.0021
24,7,12.53,0.0031
24,8,14.22,0.0047
24,9,15.75,0.0063
24,10,17.22,0.0078
24,11,18.5,0.0079
24,12,19.62,0.0081
24,13,20.65,0.0091
24,14,21.42,0.006
24,15,22.21,0.0079
24,16,22.85,0.0103
24,17,23.28,0.0075
24,18,23.82,0.01
24,19,24.11,0.0092
24,20,24.37,0.0096
24,21,24.49,0.0088
24,22,24.76,0.0103
24,23,24.76,0.0094
24,24,24.83,0.0077
24,25,24.81,0.0106
24,26,24.74,0.0118
24,27,24.69,0.0084
24,28,24.62,0.0091
24,29,24.54,0.0083
24,30,24.38,0.0074
24,31,24.2,0.0097
24,32,24.14,0.0083
24,33,23.91,0.0087
24,34,23.74,0.0096
24,35,23.53,0.0094
24,36,23.32,0.0077
24,37,23.18,0.0096
24,38,22.92,0.009
24,39,22.71,0.0096
24,40,22.52,0.0086
24,41,22.31,0.01
24,42,22.11,0.0093
24,43,21.89,0.0087
24,44,21.66,0.0089
24,45,21.53,0.0074
24,46,21.28,0.0077
24,47,21.05,0.0086
24,48,20.79,0.0078
24,49,20.69,0.0083
25,1,1.78,0.0337
25,2,3.56,0.017
25,3,5.4,0.0
25,4,7.2,0.0
25,5,9.0,0.0013
25,6,10.78,0.0023
25,7,12.54,0.0022
25,8,14.22,0.0045
25,9,15.81,0.006
25,10,17.22,0.0059
25,11,18.6,0.0063
25,12,19.75,0.0066
25,13,20.75,0.0068
25,14,21.63,0.0094
25,15,22.39,0.0072
25,16,23.07,0.0105
25,17,23.57,0.0088
25,18,23.99,0.0089
25,19,24.32,0.0089
25,20,24.64,0.0097
25,21,24.69,0.0087
25,22,24.96,0.0108
25,23,25.0,0.0087
25,24,25.13,0.0118
25,25,25.06,0.0086
25,26,25.01,0.0085
25,27,24.95,0.0089
25,28,24.84,0.0101
25,29,24.76,0.0116
25,30,24.74,0.0104
25,31,24.5,0.0086
25,32,24.31,0.0089
25,33,24.19,0.0101
25,34,24.03,0.0096
25,35,23.86,0.0085
25,36,23.62,0.0073
25,37,23.42,0.0086
25,38,23.06,0.0094
25,39,23.11,0.0079
25,40,22.87,0.007
25,41,22.64,0.0072
25,42,22.28,0.0073
25,43,22.13,0.0087
25,44,21.96,0.0096
25,45,21.81,0.0078
25,46,21.54,0.008
25,47,21.28,0.0087
25,48,21.11,0.0077
25,49,20.88,0.01
26,1,1.79,0.02
26,2,3.57,0.0164
26,3,5.4,0.0
26,4,7.2,0.0
26,5,9.0,0.0013
26,6,10.78,0.0024
26,7,12.53,0.0033
26,8,14.22,0.0046
26,9,15.82,0.0043
26,10,17.3,0.0059
26,11,18.57,0.0064
26,12,19.82,0.0105
26,13,20.87,0.0067
26,14,21.84,0.0073
26,15,22.52,0.0075
26,16,23.2,0.008
26,17,23.78,0.008
26,18,24.2,0.009
26,19,24.63,0.0078
26,20,24.83,0.009
26,21,25.02,0.0078
26,22,25.16,0.0108
26,23,25.33,0.0096
26,24,25.31,0.0084
26,25,25.31,0.0093
26,26,25.3,0.0091
26,27,25.27,0.0071
26,28,25.18,0.01
26,29,25.05,0.0092
26,30,24.92,0.0111
26,31,24.81,0.0126
26,32,24.6,0.0089
26,33,24.38,0.0089
26,34,24.24,0.0078
26,35,24.07,0.0092
26,36,23.96,0.01
26,37,23.65,0.0093
26,38,23.53,0.0086
26,39,23.33,0.0084
26,40,23.02,0.01
26,41,22.85,0.0072
26,42,22.6,0.0073
26,43,22.43,0.0086
26,44,22.27,0.009
26,45,21.99,0.0084
26,46,21.75,0.0064
26,47,21.62,0.009
26,48,21.32,0.0084
26,49,21.14,0.0089
27,1,1.77,0.0383
27,2,3.58,0.0104
27,3,5.4,0.0
27,4,7.2,0.0
27,5,9.0,0.0013
27,6,10.78,0.0023
27,7,12.54,0.0034
27,8,14.23,0.0041
27,9,15.8,0.0067
27,10,17.34,0.006
27,11,18.68,0.0082
27,12,19.95,0.006
27,13,20.97,0.0085
27,14,21.96,0.0094
27,15,22.68,0.0069
27,16,23.41,0.0067
27,17,23.95,0.0081
27,18,24.43,0.0093
27,19,24.78,0.008
27,20,25.0,0.0085
27,21,25.32,0.0095
27,22,25.48,0.0078
27,23,25.57,0.0081
27,24,25.55,0.0081
27,25,25.62,0.0096
27,26,25.55,0.0085
27,27,25.49,0.0089
27,28,25.39,0.0101
27,29,25.28,0.0093
27,30,25.3,0.0068
27,31,25.08,0.0105
27,32,24.86,0.007
27,33,24.74,0.0079
27,34,24.56,0.0068
27,35,24.32,0.0065
27,36,24.17,0.0091
27,37,23.9,0.0085
27,38,23.77,0.008
27,39,23.46,0.0099
27,40,23.3,0.0083
27,41,23.07,0.0084
27,42,22.86,0.0074
27,43,22.66,0.0088
27,44,22.39,0.0092
27,45,22.19,0.007
27,46,22.04,0.0074
27,47,21.77,0.0079
27,48,21.52,0.006
27,49,21.33,0.0093
28,1,1.79,0.0279
28,2,3.59,0.0095
28,3,5.4,0.0
28,4,7.2,0.0
28,5,9.0,0.0008
28,6,10.78,0.0021
28,7,12.55,0.0026
28,8,14.24,0.0047
28,9,15.87,0.0054
28,10,17.39,0.0046
28,11,18.73,0.0061
28,12,19.94,0.0083
28,13,21.13,0.0072
28,14,22.05,0.0068
28,15,22.83,0.0076
28,16,23.49,0.0067
28,17,24.16,0.0081
28,18,24.55,0.009
28,19,24.89,0.0085
28,20,25.31,0.0083
28,21,25.44,0.0087
28,22,25.59,0.0091
28,23,25.65,0.0084
28,24,25.79,0.0079
28,25,25.83,0.0092
28,26,25.8,0.0082
28,27,25.7,0.0062
28,28,25.69,0.0096
28,29,25.54,0.0099
28,30,25.46,0.0097
28,31,25.28,0.0068
28,32,25.08,0.01
28,33,25.03,0.0072
28,34,24.81,0.0073
28,35,24.54,0.0109
28,36,24.34,0.0086
28,37,24.21,0.0082
28,38,24.0,0.0071
28,39,23.74,0.008
28,40,23.51,0.0077
28,41,23.32,0.0084
28,42,23.07,0.0073
28,43,22.89,0.0093
28,44,22.64,0.0074
28,45,22.37,0.0097
28,46,22.21,0.0059
28,47,22.0,0.0093
28,48,21.77,0.0084
28,49,21.55,0.0093
29,1,1.8,0.0
29,2,3.6,0.0
29,3,5.4,0.0
29,4,7.2,0.0
29,5,9.0,0.0
29,6,10.79,0.0015
29,7,12.55,0.0026
29,8,14.27,0.0034
29,9,15.88,0.0055
29,10,17.43,0.0056
29,11,18.82,0.0056
29,12,20.05,0.0072
29,13,21.12,0.0076
29,14,22.11,0.0071
29,15,22.98,0.0077
29,16,23.69,0.0089
29,17,24.23,0.0081
29,18,24.78,0.0074
29,19,25.09,0.0071
29,20,25.43,0.0087
29,21,25.63,0.0092
29,22,25.84,0.0066
29,23,25.95,0.0101
29,24,26.01,0.0103
29,25,25.99,0.0083
29,26,26.02,0.0083
29,27,26.0,0.0073
29,28,25.86,0.0079
29,29,25.75,0.0085
29,30,25.71,0.0072
29,31,25.54,0.0088
29,32,25.36,0.0074
29,33,25.17,0.0071
29,34,24.99,0.0085
29,35,24.79,0.0089
29,36,24.61,0.0074
29,37,24.41,0.009
29,38,24.2,0.0111
29,39,23.96,0.009
29,40,23.73,0.0068
29,41,23.58,0.007
29,42,23.32,0.0085
29,43,23.03,0.0081
29,44,22.84,0.0085
29,45,22.55,0.009
29,46,22.32,0.0069
29,47,22.13,0.0092
29,48,21.99,0.0082
29,49,21.81,0.0071
30,1,1.78,0.0337
30,2,3.58,0.0139
30,3,5.4,0.0
30,4,7.2,0.0
30,5,9.0,0.0
30,6,10.79,0.0024
30,7,12.56,0.0021
30,8,14.29,0.0036
30,9,15.92,0.0065
30,10,17.45,0.0048
30,11,18.87,0.0054
30,12,20.11,0.0066
30,13,21.3,0.0057
30,14,22.22,0.009
30,15,23.05,0.0098
30,16,23.77,0.0073
30,17,24.37,0.0074
30,18,24.81,0.0071
30,19,25.33,0.0085
30,20,25.67,0.007
30,21,25.9,0.0095
30,22,26.07,0.009
30,23,26.17,0.0091
30,24,26.24,0.0078
30,25,26.28,0.0083
30,26,26.3,0.0086
30,27,26.19,0.0091
30,28,26.12,0.0081
30,29,25.98,0.007
30,30,25.89,0.007
30,31,25.67,0.011
30,32,25.59,0.0082
30,33,25.4,0.0078
30,34,25.19,0.0078
30,35,25.02,0.007
30,36,24.84,0.0087
30,37,24.61,0.0083
30,38,24.4,0.0097
30,39,24.19,0.0082
30,40,23.94,0.0077
30,41,23.72,0.0091
30,42,23.49,0.0072
30,43,23.23,0.0098
30,44,23.07,0.0092
30,45,22.82,0.0071
30,46,22.56,0.0092
30,47,22.36,0.0098
30,48,22.17,0.0078
30,49,21.89,0.0076
31,1,1.77,0.0383
31,2,3.57,0.016
31,3,5.4,0.0
31,4,7.2,0.0
31,5,9.0,0.0008
31,6,10.79,0.0016
31,7,12.56,0.0022
31,8,14.28,0.0036
31,9,15.92,0.0046
31,10,17.49,0.0038
31,11,18.87,0.0067
31,12,20.18,0.0061
31,13,21.36,0.0067
31,14,22.29,0.0073
31,15,23.18,0.0081
31,16,23.87,0.0068
31,17,24.55,0.0082
31,18,25.09,0.0075
31,19,25.4,0.0074
31,20,25.83,0.0081
31,21,26.04,0.0095
31,22,26.25,0.0074
31,23,26.42,0.0083
31,24,26.39,0.0095
31,25,26.41,0.0073
31,26,26.4,0.0103
31,27,26.37,0.0111
31,28,26.3,0.0064
31,29,26.22,0.0091
31,30,26.05,0.007
31,31,25.96,0.0089
31,32,25.83,0.0081
31,33,25.63,0.0088
31,34,25.36,0.0075
31,35,25.18,0.0069
31,36,25.03,0.0069
31,37,24.78,0.0052
31,38,24.61,0.0094
31,39,24.4,0.0108
31,40,24.2,0.0095
31,41,23.95,0.0083
31,42,23.67,0.0086
31,43,23.43,0.0078
31,44,23.17,0.0081
31,45,23.05,0.0082
31,46,22.71,0.007
31,47,22.55,0.0085
31,48,22.32,0.0071
31,49,22.1,0.0073
32,1,1.79,0.0279
32,2,3.58,0.0133
32,3,5.4,0.0
32,4,7.2,0.0
32,5,9.0,0.0
32,6,10.79,0.0014
32,7,12.56,0.0026
32,8,14.3,0.003
32,9,15.96,0.0027
32,10,17.47,0.0048
32,11,18.93,0.0055
32,12,20.21,0.0056
32,13,21.36,0.0094
32,14,22.43,0.008
32,15,23.27,0.0076
32,16,24.05,0.0087
32,17,24.62,0.0087
32,18,25.18,0.0066
32,19,25.59,0.0083
32,20,26.0,0.0096
32,21,26.26,0.0099
32,22,26.4,0.0081
32,23,26.49,0.0081
32,24,26.57,0.0091
32,25,26.62,0.0088
32,26,26.67,0.0093
32,27,26.55,0.0068
32,28,26.45,0.0089
32,29,26.38,0.0088
32,30,26.27,0.0089
32,31,26.15,0.0085
32,32,25.97,0.0075
32,33,25.79,0.0076
32,34,25.55,0.0091
32,35,25.39,0.0087
32,36,25.21,0.012
32,37,24.99,0.0064
32,38,24.83,0.0088
32,39,24.47,0.0091
32,40,24.34,0.0081
32,41,24.11,0.0051
32,42,23.84,0.009
32,43,23.65,0.0079
32,44,23.43,0.0078
32,45,23.17,0.0079
32,46,22.96,0.008
32,47,22.71,0.0074
32,48,22.46,0.0081
32,49,22.2,0.0063
33,1,1.77,0.0422
33,2,3.58,0.0133
33,3,5.4,0.0
33,4,7.2,0.0
33,5,9.0,0.0008
33,6,10.8,0.001
33,7,12.56,0.0021
33,8,14.28,0.0041
33,9,15.96,0.004
33,10,17.53,0.0059
33,11,18.94,0.0057
33,12,20.23,0.0061
33,13,21.44,0.0077
33,14,22.42,0.0076
33,15,23.32,0.0079
33,16,24.1,0.0086
33,17,24.67,0.0079
33,18,25.36,0.0063
33,19,25.78,0.0072
33,20,26.04,0.0071
33,21,26.38,0.0082
33,22,26.58,0.0088
33,23,26.66,0.0089
33,24,26.78,0.009
33,25,26.8,0.0098
33,26,26.8,0.0097
33,27,26.71,0.0079
33,28,26.74,0.0102
33,29,26.54,0.0078
33,30,26.56,0.0081
33,31,26.18,0.009
33,32,26.17,0.0077
33,33,25.91,0.0078
33,34,25.81,0.0092
33,35,25.57,0.0077
33,36,25.32,0.0074
33,37,25.16,0.0067
33,38,24.94,0.0087
33,39,24.69,0.0075
33,40,24.53,0.0082
33,41,24.25,0.0088
33,42,24.06,0.0073
33,43,23.83,0.0074
33,44,23.55,0.0072
33,45,23.37,0.0065
33,46,23.06,0.0069
33,47,22.87,0.0067
33,48,22.64,0.007
33,49,22.36,0.0082
34,1,1.79,0.02
34,2,3.57,0.0143
34,3,5.4,0.0
34,4,7.2,0.0012
34,5,9.0,0.0
34,6,10.79,0.002
34,7,12.56,0.0023
34,8,14.31,0.0029
34,9,15.98,0.0048
34,10,17.5,0.0059
34,11,18.98,0.0062
34,12,20.3,0.0063
34,13,21.5,0.0069
34,14,22.62,0.0063
34,15,23.44,0.0071
34,16,24.28,0.0077
34,17,24.88,0.0065
34,18,25.41,0.0069
34,19,25.87,0.007
34,20,26.26,0.0075
34,21,26.41,0.0071
34,22,26.73,0.0084
34,23,26.87,0.0079
34,24,26.88,0.007
34,25,26.95,0.0084
34,26,26.99,0.0082
34,27,26.94,0.008
34,28,26.81,0.0058
34,29,26.81,0.0092
34,30,26.7,0.0093
34,31,26.48,0.0102
34,32,26.31,0.0088
34,33,26.14,0.0082
34,34,26.04,0.0073
34,35,25.81,0.0079
34,36,25.63,0.0063
34,37,25.4,0.0077
34,38,25.17,0.0075
34,39,24.85,0.0082
34,40,24.65,0.0076
34,41,24.42,0.0061
34,42,24.13,0.0076
34,43,24.02,0.0073
34,44,23.67,0.0089
34,45,23.49,0.0072
34,46,23.22,0.0076
34,47,22.95,0.0088
34,48,22.77,0.0064
34,49,22.55,0.009
35,1,1.78,0.0337
35,2,3.58,0.0168
35,3,5.4,0.0
35,4,7.2,0.0
35,5,9.0,0.0008
35,6,10.8,0.0017
35,7,12.57,0.0016
35,8,14.31,0.0034
35,9,16.0,0.0041
35,10,17.55,0.0062
35,11,19.01,0.0059
35,12,20.38,0.0056
35,13,21.55,0.0066
35,14,22.58,0.0075
35,15,23.55,0.0086
35,16,24.38,0.0078
35,17,25.03,0.0095
35,18,25.58,0.0079
35,19,26.0,0.0078
35,20,26.35,0.008
35,21,26.72,0.009
35,22,26.83,0.0088
35,23,27.05,0.0082
35,24,27.15,0.0086
35,25,27.12,0.0065
35,26,27.17,0.0066
35,27,27.03,0.0108
35,28,27.04,0.0093
35,29,26.99,0.0085
35,30,26.79,0.0091
35,31,26.7,0.0072
35,32,26.58,0.0082
35,33,26.31,0.011
35,34,26.14,0.0078
35,35,25.9,0.0096
35,36,25.7,0.0081
35,37,25.48,0.0083
35,38,25.35,0.0064
35,39,25.05,0.0084
35,40,24.74,0.0079
35,41,24.53,0.0081
35,42,24.28,0.0087
35,43,24.05,0.0072
35,44,23.83,0.0067
35,45,23.61,0.0088
35,46,23.41,0.0063
35,47,23.19,0.0083
35,48,22.92,0.0077
35,49,22.6,0.0093
36,1,1.75,0.0565
36,2,3.57,0.0167
36,3,5.4,0.0
36,4,7.2,0.0
36,5,9.0,0.0
36,6,10.79,0.0012
36,7,12.57,0.0021
36,8,14.32,0.0024
36,9,15.99,0.0036
36,10,17.54,0.0057
36,11,19.1,0.0052
36,12,20.39,0.0061
36,13,21.63,0.0059
36,14,22.69,0.0077
36,15,23.64,0.0092
36,16,24.41,0.008
36,17,25.1,0.0081
36,18,25.68,0.0088
36,19,26.09,0.0061
36,20,26.53,0.0103
36,21,26.86,0.0094
36,22,27.01,0.0084
36,23,27.11,0.0085
36,24,27.19,0.0085
36,25,27.39,0.0076
36,26,27.31,0.0081
36,27,27.31,0.0087
36,28,27.18,0.0092
36,29,27.03,0.0074
36,30,27.02,0.0081
36,31,26.79,0.0072
36,32,26.64,0.0094
36,33,26.56,0.0086
36,34,26.28,0.0089
36,35,26.1,0.0078
36,36,25.91,0.008
36,37,25.64,0.0083
36,38,25.42,0.008
36,39,25.18,0.0087
36,40,24.91,0.0078
36,41,24.71,0.0083
36,42,24.5,0.0087
36,43,24.2,0.0073
36,44,23.99,0.0089
36,45,23.71,0.0076
36,46,23.5,0.0074
36,47,23.32,0.0068
36,48,23.04,0.0061
36,49,22.77,0.0073
37,1,1.77,0.0383
37,2,3.58,0.0156
37,3,5.4,0.0
37,4,7.2,0.0
37,5,9.0,0.0
37,6,10.8,0.0
37,7,12.57,0.0018
37,8,14.33,0.0029
37,9,16.02,0.0033
37,10,17.61,0.0045
37,11,19.1,0.0047
37,12,20.45,0.007
37,13,21.67,0.006
37,14,22.75,0.0077
37,15,23.71,0.0067
37,16,24.53,0.0069
37,17,25.19,0.0075
37,18,25.8,0.0083
37,19,26.2,0.0076
37,20,26.59,0.0095
37,21,26.98,0.0099
37,22,27.17,0.0078
37,23,27.32,0.0082
37,24,27.43,0.0085
37,25,27.55,0.0091
37,26,27.38,0.0097
37,27,27.38,0.0073
37,28,27.38,0.0084
37,29,27.28,0.0081
37,30,27.23,0.0071
37,31,26.96,0.0091
37,32,26.82,0.0078
37,33,26.61,0.0074
37,34,26.42,0.0085
37,35,26.25,0.0074
37,36,26.02,0.0078
37,37,25.83,0.0078
37,38,25.61,0.0082
37,39,25.31,0.0077
37,40,25.05,0.009
37,41,24.81,0.0073
37,42,24.57,0.009
37,43,24.36,0.0073
37,44,24.12,0.0074
37,45,23.91,0.0065
37,46,23.64,0.0083
37,47,23.4,0.0071
37,48,23.17,0.007
37,49,22.9,0.0066
38,1,1.79,0.0279
38,2,3.58,0.0187
38,3,5.4,0.0
38,4,7.2,0.0
38,5,9.0,0.0008
38,6,10.8,0.0008
38,7,12.58,0.0019
38,8,14.32,0.0027
38,9,16.02,0.004
38,10,17.65,0.0045
38,11,19.14,0.0048
38,12,20.52,0.0057
38,13,21.7,0.0076
38,14,22.82,0.007
38,15,23.79,0.0072
38,16,24.58,0.0083
38,17,25.34,0.0083
38,18,25.96,0.0064
38,19,26.32,0.007
38,20,26.69,0.008
38,21,27.07,0.0073
38,22,27.3,0.0097
38,23,27.45,0.0095
38,24,27.46,0.0088
38,25,27.54,0.0077
38,26,27.55,0.0066
38,27,27.56,0.0072
38,28,27.49,0.0078
38,29,27.4,0.0084
38,30,27.22,0.0067
38,31,27.13,0.008
38,32,26.96,0.0081
38,33,26.77,0.0078
38,34,26.58,0.009
38,35,26.33,0.0091
38,36,26.18,0.0081
38,37,25.93,0.009
38,38,25.69,0.0098
38,39,25.39,0.0074
38,40,25.27,0.009
38,41,25.01,0.0088
38,42,24.72,0.0075
38,43,24.52,0.008
38,44,24.28,0.0086
38,45,23.99,0.0085
38,46,23.76,0.0089
38,47,23.49,0.0081
38,48,23.22,0.0092
38,49,23.04,0.006
39,1,1.78,0.0337
39,2,3.57,0.016
39,3,5.4,0.0
39,4,7.2,0.0
39,5,9.0,0.0
39,6,10.8,0.001
39,7,12.58,0.0015
39,8,14.33,0.0029
39,9,16.03,0.0035
39,10,17.61,0.0041
39,11,19.12,0.0052
39,12,20.51,0.0069
39,13,21.78,0.0074
39,14,22.88,0.0075
39,15,23.84,0.0083
39,16,24.64,0.0063
39,17,25.39,0.0084
39,18,25.9,0.0076
39,19,26.43,0.0094
39,20,26.87,0.0061
39,21,27.12,0.0086
39,22,27.37,0.0083
39,23,27.55,0.0093
39,24,27.69,0.0077
39,25,27.7,0.0104
39,26,27.7,0.0081
39,27,27.64,0.0079
39,28,27.63,0.008
39,29,27.47,0.0074
39,30,27.45,0.0092
39,31,27.19,0.0068
39,32,27.11,0.0079
39,33,26.9,0.0069
39,34,26.7,0.0072
39,35,26.56,0.0071
39,36,26.26,0.0072
39,37,26.03,0.0075
39,38,25.82,0.0057
39,39,25.55,0.0097
39,40,25.38,0.0068
39,41,25.09,0.0065
39,42,24.84,0.0067
39,43,24.59,0.0088
39,44,24.4,0.0087
39,45,24.07,0.0083
39,46,23.86,0.0091
39,47,23.66,0.0068
39,48,23.39,0.0059
39,49,23.15,0.0069
40,1,1.77,0.0383
40,2,3.58,0.0104
40,3,5.4,0.0
40,4,7.2,0.0
40,5,9.0,0.0
40,6,10.8,0.0008
40,7,12.58,0.002
40,8,14.33,0.003
40,9,16.06,0.0031
40,10,17.63,0.0055
40,11,19.18,0.0039
40,12,20.54,0.0061
40,13,21.83,0.0069
40,14,22.91,0.0073
40,15,23.86,0.0069
40,16,24.75,0.0079
40,17,25.42,0.0084
40,18,26.06,0.0076
40,19,26.52,0.0086
40,20,27.04,0.0093
40,21,27.31,0.0082
40,22,27.49,0.0088
40,23,27.7,0.0078
40,24,27.72,0.0074
40,25,27.95,0.0091
40,26,27.92,0.0085
40,27,27.9,0.0078
40,28,27.8,0.0085
40,29,27.71,0.0079
40,30,27.56,0.0092
40,31,27.34,0.0079
40,32,27.21,0.0067
40,33,27.04,0.0063
40,34,26.87,0.0064
40,35,26.63,0.0067
40,36,26.36,0.0081
40,37,26.22,0.0078
40,38,25.96,0.0092
40,39,25.74,0.0072
40,40,25.45,0.0068
40,41,25.17,0.0078
40,42,24.99,0.0081
40,43,24.7,0.0067
40,44,24.56,0.0071
40,45,24.18,0.0076
40,46,24.02,0.0072
40,47,23.77,0.0075
40,48,23.47,0.005
40,49,23.25,0.0081
41,1,1.77,0.0383
41,2,3.56,0.0153
41,3,5.4,0.0
41,4,7.2,0.0
41,5,9.0,0.0
41,6,10.8,0.0006
41,7,12.6,0.0008
41,8,14.33,0.0033
41,9,16.03,0.0036
41,10,17.68,0.0049
41,11,19.18,0.0054
41,12,20.61,0.0063
41,13,21.8,0.0061
41,14,22.98,0.0063
41,15,23.99,0.0054
41,16,24.86,0.0072
41,17,25.55,0.0087
41,18,26.22,0.0081
41,19,26.67,0.0067
41,20,27.15,0.0076
41,21,27.42,0.0078
41,22,27.63,0.0089
41,23,27.81,0.0089
41,24,27.94,0.0081
41,25,27.93,0.0079
41,26,27.95,0.0077
41,27,27.94,0.0081
41,28,27.83,0.0085
41,29,27.77,0.0089
41,30,27.64,0.0081
41,31,27.51,0.0084
41,32,27.38,0.0072
41,33,27.21,0.0092
41,34,26.93,0.0088
41,35,26.81,0.0081
41,36,26.52,0.0071
41,37,26.3,0.0081
41,38,26.04,0.0085
41,39,25.87,0.0074
41,40,25.62,0.0063
41,41,25.37,0.0084
41,42,25.13,0.0079
41,43,24.82,0.0086
41,44,24.61,0.0075
41,45,24.34,0.0086
41,46,24.12,0.0082
41,47,23.88,0.0092
41,48,23.64,0.0071
41,49,23.29,0.0072
42,1,1.76,0.0541
42,2,3.55,0.0227
42,3,5.4,0.0
42,4,7.2,0.0
42,5,9.0,0.0
42,6,10.8,0.0008
42,7,12.58,0.0021
42,8,14.35,0.0025
42,9,16.05,0.0036
42,10,17.68,0.0041
42,11,19.22,0.0045
42,12,20.63,0.0045
42,13,21.91,0.0074
42,14,23.02,0.0078
42,15,24.0,0.0069
42,16,24.81,0.0086
42,17,25.62,0.0088
42,18,26.26,0.0077
42,19,26.71,0.0071
42,20,27.07,0.0082
42,21,27.47,0.01
42,22,27.68,0.0074
42,23,27.87,0.0087
42,24,28.0,0.0063
42,25,28.08,0.0072
42,26,28.05,0.0103
42,27,28.1,0.008
42,28,27.97,0.008
42,29,27.98,0.0087
42,30,27.79,0.009
42,31,27.67,0.0082
42,32,27.52,0.0079
42,33,27.27,0.0069
42,34,27.12,0.0074
42,35,26.81,0.0076
42,36,26.71,0.0087
42,37,26.42,0.0077
42,38,26.21,0.0094
42,39,25.91,0.0079
42,40,25.63,0.0074
42,41,25.44,0.0089
42,42,25.2,0.0065
42,43,24.95,0.0081
42,44,24.65,0.0079
42,45,24.45,0.0087
42,46,24.23,0.0067
42,47,23.92,0.0063
42,48,23.69,0.008
42,49,23.41,0.0061
43,1,1.77,0.0383
43,2,3.57,0.0209
43,3,5.4,0.0
43,4,7.2,0.0
43,5,9.0,0.0
43,6,10.8,0.0006
43,7,12.59,0.0014
43,8,14.35,0.0025
43,9,16.06,0.0035
43,10,17.7,0.0045
43,11,19.22,0.006
43,12,20.64,0.0072
43,13,21.92,0.0056
43,14,23.09,0.0066
43,15,24.06,0.0082
43,16,24.93,0.0062
43,17,25.72,0.0075
43,18,26.33,0.0085
43,19,26.84,0.0085
43,20,27.21,0.0056
43,21,27.54,0.0084
43,22,27.78,0.0088
43,23,27.97,0.0076
43,24,28.04,0.0065
43,25,28.25,0.008
43,26,28.21,0.0092
43,27,28.2,0.0072
43,28,28.15,0.0086
43,29,28.04,0.0083
43,30,27.9,0.0091
43,31,27.78,0.0081
43,32,27.54,0.0086
43,33,27.47,0.0083
43,34,27.22,0.0069
43,35,27.01,0.0084
43,36,26.75,0.008
43,37,26.51,0.0082
43,38,26.3,0.0076
43,39,26.14,0.0088
43,40,25.75,0.0072
43,41,25.58,0.0081
43,42,25.26,0.0062
43,43,25.03,0.0065
43,44,24.78,0.0085
43,45,24.55,0.0081
43,46,24.28,0.0073
43,47,24.07,0.0063
43,48,23.75,0.0076
43,49,23.51,0.0069
44,1,1.78,0.0337
44,2,3.56,0.0214
44,3,5.4,0.0
44,4,7.2,0.0
44,5,9.0,0.0
44,6,10.79,0.0014
44,7,12.58,0.0017
44,8,14.36,0.0023
44,9,16.05,0.0035
44,10,17.72,0.0046
44,11,19.25,0.0046
44,12,20.65,0.005
44,13,21.99,0.0046
44,14,23.12,0.0063
44,15,24.11,0.0068
44,16,25.02,0.0086
44,17,25.72,0.0088
44,18,26.42,0.0066
44,19,26.92,0.0079
44,20,27.39,0.0086
44,21,27.7,0.0084
44,22,27.99,0.0079
44,23,28.11,0.0088
44,24,28.26,0.0061
44,25,28.34,0.0076
44,26,28.39,0.0092
44,27,28.23,0.0093
44,28,28.26,0.0074
44,29,28.08,0.0079
44,30,27.98,0.0055
44,31,27.9,0.0074
44,32,27.69,0.0102
44,33,27.54,0.0077
44,34,27.24,0.0078
44,35,27.15,0.0076
44,36,26.8,0.0085
44,37,26.64,0.0069
44,38,26.43,0.0083
44,39,26.18,0.0079
44,40,25.96,0.0071
44,41,25.64,0.0068
44,42,25.44,0.0068
44,43,25.14,0.0075
44,44,24.87,0.0077
44,45,24.62,0.0068
44,46,24.39,0.0078
44,47,24.14,0.0071
44,48,23.88,0.0076
44,49,23.67,0.0054
45,1,1.79,0.02
45,2,3.57,0.0143
45,3,5.4,0.0
45,4,7.2,0.0
45,5,9.0,0.0
45,6,10.8,0.0008
45,7,12.59,0.0014
45,8,14.34,0.0025
45,9,16.08,0.0028
45,10,17.69,0.0041
45,11,19.26,0.0049
45,12,20.69,0.0048
45,13,21.96,0.0061
45,14,23.17,0.005
45,15,24.23,0.0059
45,16,25.07,0.0068
45,17,25.79,0.0074
45,18,26.51,0.0071
45,19,26.98,0.0097
45,20,27.42,0.0062
45,21,27.79,0.0085
45,22,28.02,0.0095
45,23,28.21,0.008
45,24,28.37,0.0065
45,25,28.42,0.0096
45,26,28.37,0.0094
45,27,28.37,0.0085
45,28,28.36,0.0099
45,29,28.24,0.0079
45,30,28.13,0.0093
45,31,27.97,0.008
45,32,27.81,0.0085
45,33,27.58,0.0089
45,34,27.41,0.0082
45,35,27.13,0.0088
45,36,27.03,0.0063
45,37,26.7,0.0094
45,38,26.51,0.0081
45,39,26.26,0.0049
45,40,26.01,0.0084
45,41,25.67,0.0083
45,42,25.51,0.0069
45,43,25.16,0.0074
45,44,24.98,0.0075
45,45,24.77,0.007
45,46,24.41,0.0077
45,47,24.24,0.0069
45,48,24.0,0.0064
45,49,23.68,0.0074
46,1,1.77,0.0383
46,2,3.58,0.0139
46,3,5.4,0.0
46,4,7.2,0.0
46,5,9.0,0.0008
46,6,10.8,0.0
46,7,12.59,0.0015
46,8,14.36,0.0018
46,9,16.08,0.003
46,10,17.72,0.003
46,11,19.31,0.0041
46,12,20.73,0.0054
46,13,22.06,0.005
46,14,23.19,0.0067
46,15,24.23,0.0077
46,16,25.08,0.0063
46,17,25.86,0.0066
46,18,26.47,0.0094
46,19,27.0,0.0088
46,20,27.58,0.0097
46,21,27.9,0.0072
46,22,28.12,0.0078
46,23,28.3,0.0091
46,24,28.45,0.0086
46,25,28.48,0.0072
46,26,28.46,0.0067
46,27,28.46,0.0073
46,28,28.37,0.0075
46,29,28.35,0.0091
46,30,28.26,0.0084
46,31,28.09,0.0091
46,32,27.83,0.0075
46,33,27.75,0.0078
46,34,27.58,0.007
46,35,27.3,0.008
46,36,27.09,0.0073
46,37,26.8,0.006
46,38,26.65,0.0065
46,39,26.33,0.0072
46,40,26.07,0.0077
46,41,25.83,0.0075
46,42,25.48,0.0075
46,43,25.33,0.0071
46,44,25.15,0.009
46,45,24.74,0.0068
46,46,24.53,0.0077
46,47,24.34,0.006
46,48,24.05,0.0065
46,49,23.73,0.0076
47,1,1.78,0.0337
47,2,3.58,0.0112
47,3,5.4,0.0
47,4,7.2,0.0
47,5,9.0,0.0
47,6,10.8,0.0008
47,7,12.59,0.0013
47,8,14.36,0.0023
47,9,16.07,0.0024
47,10,17.73,0.004
47,11,19.28,0.0058
47,12,20.75,0.0048
47,13,22.05,0.0065
47,14,23.2,0.0057
47,15,24.27,0.0067
47,16,25.16,0.0057
47,17,25.96,0.0067
47,18,26.67,0.0061
47,19,27.16,0.0089
47,20,27.6,0.0083
47,21,27.95,0.0064
47,22,28.21,0.0081
47,23,28.36,0.0078
47,24,28.5,0.0084
47,25,28.6,0.0081
47,26,28.56,0.0076
47,27,28.53,0.006
47,28,28.51,0.0069
47,29,28.47,0.0064
47,30,28.39,0.0077
47,31,28.13,0.0056
47,32,28.04,0.0069
47,33,27.8,0.0083
47,34,27.61,0.0076
47,35,27.4,0.007
47,36,27.17,0.0076
47,37,26.92,0.0069
47,38,26.69,0.0087
47,39,26.45,0.0093
47,40,26.2,0.0078
47,41,26.0,0.0066
47,42,25.63,0.0083
47,43,25.46,0.0075
47,44,25.13,0.0085
47,45,24.95,0.0085
47,46,24.65,0.0067
47,47,24.32,0.0048
47,48,24.12,0.0073
47,49,23.81,0.0072
48,1,1.77,0.0513
48,2,3.55,0.0174
48,3,5.4,0.0
48,4,7.2,0.0
48,5,9.0,0.0
48,6,10.8,0.0006
48,7,12.59,0.001
48,8,14.36,0.0025
48,9,16.07,0.0033
48,10,17.74,0.0041
48,11,19.3,0.0039
48,12,20.77,0.0059
48,13,22.11,0.0065
48,14,23.27,0.0044
48,15,24.28,0.006
48,16,25.22,0.0087
48,17,26.02,0.007
48,18,26.73,0.0081
48,19,27.25,0.0064
48,20,27.69,0.007
48,21,28.04,0.008
48,22,28.24,0.0063
48,23,28.57,0.0097
48,24,28.58,0.0074
48,25,28.72,0.0097
48,26,28.7,0.0088
48,27,28.75,0.0082
48,28,28.64,0.0065
48,29,28.49,0.0077
48,30,28.4,0.0074
48,31,28.26,0.0068
48,32,28.11,0.0083
48,33,27.93,0.0086
48,34,27.63,0.0073
48,35,27.45,0.0075
48,36,27.27,0.0092
48,37,27.01,0.0083
48,38,26.76,0.0049
48,39,26.53,0.0065
48,40,26.26,0.0075
48,41,26.03,0.0075
48,42,25.79,0.0091
48,43,25.5,0.0079
48,44,25.22,0.007
48,45,24.92,0.0086
48,46,24.67,0.0077
48,47,24.41,0.007
48,48,24.15,0.0073
48,49,23.9,0.0059
49,1,1.78,0.0337
49,2,3.57,0.0147
49,3,5.4,0.0
49,4,7.2,0.0
49,5,9.0,0.0
49,6,10.8,0.0
49,7,12.59,0.0015
49,8,14.36,0.0027
49,9,16.11,0.0028
49,10,17.76,0.0042
49,11,19.35,0.0037
49,12,20.78,0.0053
49,13,22.11,0.0066
49,14,23.32,0.0073
49,15,24.33,0.0077
49,16,25.28,0.0069
49,17,26.05,0.0086
49,18,26.73,0.0069
49,19,27.35,0.0097
49,20,27.77,0.0089
49,21,28.07,0.0085
49,22,28.31,0.0065
49,23,28.5,0.0092
49,24,28.59,0.0078
49,25,28.76,0.0083
49,26,28.8,0.0089
49,27,28.72,0.009
49,28,28.71,0.0086
49,29,28.69,0.0078
49,30,28.44,0.0068
49,31,28.28,0.0069
49,32,28.16,0.0065
49,33,28.03,0.0079
49,34,27.76,0.0077
49,35,27.59,0.0084
49,36,27.3,0.0079
49,37,27.11,0.007
49,38,26.83,0.0074
49,39,26.61,0.0084
49,40,26.39,0.0075
49,41,26.1,0.0064
49,42,25.83,0.0055
49,43,25.57,0.0085
49,44,25.3,0.006
49,45,25.06,0.0068
49,46,24.76,0.0071
49,47,24.48,0.0075
49,48,24.21,0.0068
49,49,24.0,0.0064
50,1,1.79,0.02
50,2,3.58,0.0104
50,3,5.4,0.0
50,4,7.2,0.0
50,5,9.0,0.0
50,6,10.8,0.0
50,7,12.6,0.0008
50,8,14.37,0.0016
50,9,16.09,0.0033
50,10,17.77,0.0031
50,11,19.34,0.0047
50,12,20.78,0.0047
50,13,22.18,0.0069
50,14,23.32,0.006
50,15,24.38,0.0067
50,16,25.32,0.0077
50,17,26.12,0.0058
50,18,26.72,0.0059
50,19,27.38,0.0071
50,20,27.82,0.0101
50,21,28.19,0.0058
50,22,28.43,0.0099
50,23,28.66,0.0081
50,24,28.83,0.0064
50,25,28.88,0.0048
50,26,28.94,0.0069
50,27,28.98,0.0072
50,28,28.81,0.0068
50,29,28.71,0.0069
50,30,28.6,0.0079
50,31,28.49,0.0085
50,32,28.32,0.0086
50,33,28.17,0.0075
50,34,27.84,0.007
50,35,27.65,0.0075
50,36,27.39,0.01
50,37,27.15,0.0068
50,38,27.02,0.0081
50,39,26.72,0.0069
50,40,26.4,0.006
50,41,26.15,0.0075
50,42,25.87,0.0069
50,43,25.6,0.0091
50,44,25.34,0.0069
50,45,25.04,0.0087
50,46,24.76,0.0084
50,47,24.6,0.0064
50,48,24.29,0.0058
50,49,24.08,0.007
51,1,1.8,0.0
51,2,3.56,0.0135
51,3,5.4,0.0
51,4,7.2,0.0
51,5,9.0,0.0
51,6,10.8,0.0006
51,7,12.59,0.0013
51,8,14.38,0.0014
51,9,16.11,0.0025
51,10,17.77,0.0037
51,11,19.36,0.0046
51,12,20.79,0.0058
51,13,22.18,0.0044
51,14,23.35,0.0056
51,15,24.46,0.0071
51,16,25.4,0.0059
51,17,26.19,0.0063
51,18,26.81,0.0067
51,19,27.44,0.0096
51,20,27.92,0.0065
51,21,28.29,0.0064
51,22,28.52,0.0092
51,23,28.6,0.0092
51,24,28.86,0.0064
51,25,28.95,0.0083
51,26,28.96,0.007
51,27,28.86,0.0073
51,28,28.9,0.0083
51,29,28.79,0.0082
51,30,28.74,0.0082
51,31,28.5,0.0078
51,32,28.36,0.0074
51,33,28.09,0.0085
51,34,27.96,0.008
51,35,27.83,0.0081
51,36,27.47,0.0064
51,37,27.27,0.0082
51,38,26.95,0.0079
51,39,26.77,0.0072
51,40,26.52,0.0074
51,41,26.15,0.0076
51,42,25.95,0.0059
51,43,25.68,0.0089
51,44,25.44,0.008
51,45,25.17,0.0065
51,46,24.91,0.0071
51,47,24.61,0.0067
51,48,24.42,0.0062
51,49,24.15,0.0069
52,1,1.79,0.0279
52,2,3.58,0.0104
52,3,5.4,0.0
52,4,7.2,0.0
52,5,9.0,0.0
52,6,10.8,0.0
52,7,12.59,0.0011
52,8,14.37,0.0019
52,9,16.1,0.0025
52,10,17.78,0.0028
52,11,19.36,0.0041
52,12,20.85,0.0044
52,13,22.14,0.0064
52,14,23.44,0.0065
52,15,24.42,0.0063
52,16,25.34,0.0077
52,17,26.21,0.0062
52,18,26.9,0.0091
52,19,27.47,0.008
52,20,27.92,0.0091
52,21,28.28,0.0086
52,22,28.48,0.0057
52,23,28.71,0.0086
52,24,28.88,0.0075
52,25,29.04,0.0082
52,26,29.05,0.0094
52,27,29.02,0.0057
52,28,28.93,0.007
52,29,28.78,0.008
52,30,28.71,0.0072
52,31,28.6,0.0073
52,32,28.43,0.0069
52,33,28.22,0.0093
52,34,28.04,0.0088
52,35,27.79,0.0052
52,36,27.6,0.0075
52,37,27.29,0.0074
52,38,27.11,0.0068
52,39,26.82,0.0075
52,40,26.58,0.008
52,41,26.33,0.0069
52,42,26.04,0.0072
52,43,25.79,0.0074
52,44,25.53,0.0065
52,45,25.26,0.0066
52,46,24.99,0.0063
52,47,24.7,0.0075
52,48,24.42,0.0076
52,49,24.17,0.0087
53,1,1.79,0.02
53,2,3.56,0.0135
53,3,5.4,0.0
53,4,7.2,0.0
53,5,9.0,0.0
53,6,10.8,0.0
53,7,12.59,0.0011
53,8,14.37,0.0027
53,9,16.12,0.0029
53,10,17.78,0.0031
53,11,19.34,0.0045
53,12,20.85,0.0051
53,13,22.21,0.0065
53,14,23.45,0.0051
53,15,24.53,0.0058
53,16,25.5,0.0072
53,17,26.32,0.0068
53,18,27.0,0.009
53,19,27.55,0.0073
53,20,27.97,0.0087
53,21,28.4,0.0075
53,22,28.64,0.0069
53,23,28.94,0.0083
53,24,28.96,0.0092
53,25,29.07,0.0069
53,26,29.12,0.0078
53,27,29.11,0.0088
53,28,29.03,0.0094
53,29,28.95,0.0072
53,30,28.82,0.0082
53,31,28.79,0.009
53,32,28.52,0.0087
53,33,28.35,0.0077
53,34,28.1,0.0073
53,35,27.86,0.0077
53,36,27.66,0.0078
53,37,27.38,0.0085
53,38,27.18,0.009
53,39,26.91,0.008
53,40,26.65,0.0067
53,41,26.42,0.0076
53,42,26.07,0.007
53,43,25.8,0.0068
53,44,25.59,0.0063
53,45,25.33,0.0088
53,46,25.0,0.0083
53,47,24.8,0.0068
53,48,24.47,0.0063
53,49,24.24,0.0065
54,1,1.77,0.0422
54,2,3.58,0.0112
54,3,5.4,0.0
54,4,7.2,0.0
54,5,9.0,0.0
54,6,10.8,0.0
54,7,12.6,0.0008
54,8,14.37,0.0016
54,9,16.1,0.0033
54,10,17.8,0.0036
54,11,19.4,0.0039
54,12,20.88,0.005
54,13,22.25,0.0055
54,14,23.48,0.0062
54,15,24.53,0.007
54,16,25.51,0.006
54,17,26.33,0.0064
54,18,26.97,0.006
54,19,27.62,0.0066
54,20,28.04,0.0078
54,21,28.44,0.0066
54,22,28.75,0.0066
54,23,28.87,0.0088
54,24,29.07,0.0069
54,25,29.17,0.0067
54,26,29.22,0.0086
54,27,29.14,0.0103
54,28,29.18,0.0068
54,29,29.0,0.0079
54,30,28.95,0.0076
54,31,28.71,0.0064
54,32,28.61,0.0073
54,33,28.39,0.0083
54,34,28.22,0.0078
54,35,27.95,0.0069
54,36,27.75,0.0061
54,37,27.46,0.0087
54,38,27.27,0.0061
54,39,26.95,0.0076
54,40,26.67,0.0079
54,41,26.43,0.0076
54,42,26.19,0.0065
54,43,25.87,0.0068
54,44,25.62,0.0067
54,45,25.32,0.0067
54,46,25.14,0.006
54,47,24.81,0.0064
54,48,24.6,0.0069
54,49,24.32,0.0081
55,1,1.79,0.02
55,2,3.56,0.0173
55,3,5.4,0.0
55,4,7.2,0.0
55,5,9.0,0.0
55,6,10.8,0.0009
55,7,12.6,0.001
55,8,14.38,0.0015
55,9,16.11,0.0026
55,10,17.81,0.0034
55,11,19.41,0.0039
55,12,20.88,0.0053
55,13,22.25,0.0051
55,14,23.44,0.0071
55,15,24.6,0.0067
55,16,25.49,0.0072
55,17,26.41,0.006
55,18,27.13,0.0057
55,19,27.61,0.0075
55,20,28.05,0.0056
55,21,28.46,0.0064
55,22,28.74,0.0077
55,23,29.01,0.0069
55,24,29.21,0.006
55,25,29.26,0.007
55,26,29.25,0.0087
55,27,29.26,0.0083
55,28,29.26,0.0078
55,29,29.05,0.0064
55,30,28.96,0.0072
55,31,28.84,0.009
55,32,28.6,0.0061
55,33,28.55,0.0095
55,34,28.16,0.0074
55,35,28.04,0.0075
55,36,27.74,0.0073
55,37,27.57,0.0077
55,38,27.28,0.0061
55,39,27.04,0.0085
55,40,26.83,0.0086
55,41,26.52,0.0066
55,42,26.22,0.0095
55,43,26.01,0.007
55,44,25.73,0.006
55,45,25.4,0.0092
55,46,25.14,0.0074
55,47,24.84,0.0075
55,48,24.62,0.0078
55,49,24.33,0.0074
56,1,1.8,0.0
56,2,3.58,0.0118
56,3,5.4,0.0
56,4,7.2,0.0
56,5,9.0,0.0
56,6,10.8,0.0
56,7,12.59,0.0011
56,8,14.37,0.0016
56,9,16.12,0.0024
56,10,17.79,0.0042
56,11,19.4,0.0044
56,12,20.92,0.0039
56,13,22.3,0.0047
56,14,23.51,0.0056
56,15,24.62,0.007
56,16,25.53,0.0076
56,17,26.43,0.0069
56,18,27.09,0.0072
56,19,27.82,0.0074
56,20,28.1,0.0078
56,21,28.58,0.0073
56,22,28.82,0.007
56,23,29.09,0.0063
56,24,29.18,0.0082
56,25,29.3,0.0089
56,26,29.34,0.0074
56,27,29.34,0.0068
56,28,29.22,0.0095
56,29,29.13,0.008
56,30,29.06,0.0074
56,31,28.93,0.008
56,32,28.7,0.0079
56,33,28.48,0.008
56,34,28.34,0.0071
56,35,28.11,0.0082
56,36,27.85,0.0082
56,37,27.62,0.0059
56,38,27.36,0.0056
56,39,27.1,0.0061
56,40,26.8,0.007
56,41,26.57,0.0082
56,42,26.28,0.0082
56,43,26.01,0.0068
56,44,25.76,0.0078
56,45,25.43,0.0089
56,46,25.24,0.0086
56,47,24.91,0.0075
56,48,24.67,0.0068
56,49,24.38,0.0061
57,1,1.79,0.0279
57,2,3.58,0.0118
57,3,5.4,0.0
57,4,7.2,0.0
57,5,9.0,0.0
57,6,10.8,0.0
57,7,12.59,0.0012
57,8,14.38,0.0017
57,9,16.13,0.0023
57,10,17.81,0.0034
57,11,19.42,0.0035
57,12,20.91,0.005
57,13,22.28,0.0054
57,14,23.55,0.0069
57,15,24.61,0.007
57,16,25.54,0.0058
57,17,26.46,0.0065
57,18,27.13,0.0055
57,19,27.75,0.0087
57,20,28.26,0.0082
57,21,28.65,0.0067
57,22,28.9,0.0087
57,23,29.03,0.0083
57,24,29.22,0.0068
57,25,29.39,0.0072
57,26,29.35,0.0089
57,27,29.34,0.0077
57,28,29.34,0.0076
57,29,29.21,0.0079
57,30,29.11,0.0079
57,31,28.9,0.0077
57,32,28.78,0.0065
57,33,28.61,0.0084
57,34,28.35,0.0073
57,35,28.18,0.0075
57,36,27.84,0.0066
57,37,27.71,0.0075
57,38,27.43,0.0087
57,39,27.21,0.0083
57,40,26.95,0.008
57,41,26.61,0.0062
57,42,26.36,0.0083
57,43,26.1,0.0065
57,44,25.8,0.0065
57,45,25.53,0.0048
57,46,25.27,0.0071
57,47,24.97,0.007
57,48,24.71,0.0083
57,49,24.44,0.0088
58,1,1.76,0.0541
58,2,3.57,0.0124
58,3,5.4,0.0
58,4,7.2,0.0
58,5,9.0,0.0
58,6,10.8,0.0008
58,7,12.59,0.001
58,8,14.38,0.0015
58,9,16.13,0.0027
58,10,17.81,0.0027
58,11,19.44,0.0031
58,12,20.95,0.0052
58,13,22.33,0.0057
58,14,23.55,0.0053
58,15,24.62,0.0062
58,16,25.68,0.0074
58,17,26.43,0.0065
58,18,27.19,0.0067
58,19,27.81,0.0064
58,20,28.3,0.0077
58,21,28.72,0.0071
58,22,29.01,0.0079
58,23,29.16,0.0078
58,24,29.33,0.0078
58,25,29.45,0.0096
58,26,29.49,0.007
58,27,29.47,0.0088
58,28,29.42,0.0078
58,29,29.3,0.006
58,30,29.15,0.0068
58,31,29.02,0.0069
58,32,28.82,0.0084
58,33,28.7,0.007
58,34,28.43,0.0066
58,35,28.16,0.0068
58,36,27.93,0.0071
58,37,27.71,0.0073
58,38,27.46,0.0084
58,39,27.26,0.0074
58,40,26.9,0.0088
58,41,26.66,0.0067
58,42,26.39,0.0071
58,43,26.13,0.0079
58,44,25.83,0.0067
58,45,25.54,0.007
58,46,25.29,0.0081
58,47,25.12,0.0091
58,48,24.8,0.0079
58,49,24.52,0.0073
59,1,1.77,0.0383
59,2,3.57,0.0193
59,3,5.4,0.0
59,4,7.2,0.0
59,5,9.0,0.0
59,6,10.8,0.0
59,7,12.6,0.0008
59,8,14.38,0.0014
59,9,16.13,0.0029
59,10,17.82,0.0033
59,11,19.42,0.0035
59,12,20.95,0.0059
59,13,22.34,0.0044
59,14,23.61,0.0056
59,15,24.65,0.0059
59,16,25.68,0.0065
59,17,26.5,0.0059
59,18,27.25,0.0065
59,19,27.8,0.0081
59,20,28.32,0.007
59,21,28.71,0.0076
59,22,29.1,0.0095
59,23,29.27,0.0055
59,24,29.37,0.0063
59,25,29.52,0.0085
59,26,29.46,0.0079
59,27,29.56,0.0081
59,28,29.52,0.0072
59,29,29.3,0.0072
59,30,29.21,0.0073
59,31,29.07,0.0082
59,32,28.92,0.008
59,33,28.73,0.0091
59,34,28.53,0.0058
59,35,28.34,0.0075
59,36,28.0,0.0081
59,37,27.75,0.0065
59,38,27.53,0.0074
59,39,27.23,0.0088
59,40,27.0,0.0076
59,41,26.74,0.0072
59,42,26.43,0.0076
59,43,26.2,0.0083
59,44,25.9,0.0089
59,45,25.56,0.0056
59,46,25.34,0.0066
59,47,25.12,0.0055
59,48,24.81,0.0078
59,49,24.59,0.0049
60,1,1.78,0.0337
60,2,3.57,0.0147
60,3,5.4,0.0
60,4,7.2,0.0
60,5,9.0,0.0
60,6,10.8,0.0
60,7,12.6,0.0008
60,8,14.38,0.0017
60,9,16.12,0.0027
60,10,17.84,0.0029
60,11,19.43,0.0037
60,12,20.98,0.0052
60,13,22.33,0.0048
60,14,23.67,0.0057
60,15,24.66,0.0065
60,16,25.7,0.007
60,17,26.58,0.0073
60,18,27.25,0.006
60,19,27.87,0.006
60,20,28.33,0.0084
60,21,28.76,0.0053
60,22,29.1,0.0072
60,23,29.38,0.0073
60,24,29.46,0.0084
60,25,29.52,0.0082
60,26,29.57,0.0058
60,27,29.58,0.0063
60,28,29.5,0.0078
60,29,29.49,0.0082
60,30,29.21,0.0067
60,31,29.2,0.0085
60,32,29.0,0.0066
60,33,28.89,0.008
60,34,28.56,0.0083
60,35,28.36,0.0087
60,36,28.12,0.0062
60,37,27.83,0.0092
60,38,27.6,0.0058
60,39,27.31,0.007
60,40,27.1,0.0057
60,41,26.73,0.0068
60,42,26.48,0.009
60,43,26.24,0.0069
60,44,25.94,0.0048
60,45,25.6,0.0077
60,46,25.41,0.0063
60,47,25.13,0.0072
60,48,24.84,0.0065
60,49,24.51,0.0078
61,1,1.79,0.0279
61,2,3.57,0.0151
61,3,5.4,0.0
61,4,7.2,0.0
61,5,9.0,0.0
61,6,10.8,0.0006
61,7,12.59,0.0011
61,8,14.38,0.0017
61,9,16.11,0.0023
61,10,17.84,0.003
61,11,19.47,0.0044
61,12,20.95,0.0043
61,13,22.33,0.006
61,14,23.62,0.0061
61,15,24.77,0.0068
61,16,25.72,0.0074
61,17,26.64,0.0072
61,18,27.34,0.0073
61,19,27.97,0.0077
61,20,28.42,0.0076
61,21,28.82,0.0071
61,22,29.14,0.0072
61,23,29.33,0.0074
61,24,29.48,0.005
61,25,29.59,0.0081
61,26,29.66,0.0077
61,27,29.6,0.0067
61,28,29.52,0.0062
61,29,29.51,0.0065
61,30,29.37,0.0078
61,31,29.16,0.0089
61,32,28.99,0.007
61,33,28.89,0.0086
61,34,28.57,0.0081
61,35,28.42,0.008
61,36,28.06,0.0071
61,37,27.96,0.0077
61,38,27.61,0.0077
61,39,27.37,0.0073
61,40,27.14,0.0085
61,41,26.9,0.0082
61,42,26.5,0.0074
61,43,26.25,0.0058
61,44,26.01,0.0074
61,45,25.74,0.007
61,46,25.43,0.0069
61,47,25.17,0.0067
61,48,24.9,0.0083
61,49,24.62,0.0059
62,1,1.79,0.0279
62,2,3.56,0.017
62,3,5.4,0.0
62,4,7.2,0.0
62,5,9.0,0.0
62,6,10.8,0.0
62,7,12.59,0.0011
62,8,14.38,0.0013
62,9,16.14,0.0023
62,10,17.83,0.0029
62,11,19.46,0.0032
62,12,20.99,0.0043
62,13,22.39,0.0058
62,14,23.61,0.0076
62,15,24.78,0.0055
62,16,25.82,0.0069
62,17,26.61,0.0079
62,18,27.38,0.0076
62,19,27.91,0.006
62,20,28.41,0.0089
62,21,28.9,0.0073
62,22,29.13,0.0077
62,23,29.45,0.0062
62,24,29.65,0.0089
62,25,29.62,0.0092
62,26,29.65,0.009
62,27,29.67,0.0076
62,28,29.65,0.0062
62,29,29.59,0.0072
62,30,29.38,0.0089
62,31,29.26,0.007
62,32,29.12,0.0068
62,33,28.93,0.0079
62,34,28.62,0.0083
62,35,28.4,0.0092
62,36,28.21,0.0076
62,37,27.89,0.0075
62,38,27.64,0.0065
62,39,27.4,0.007
62,40,27.13,0.0061
62,41,26.93,0.0094
62,42,26.58,0.0096
62,43,26.38,0.0078
62,44,26.05,0.0068
62,45,25.76,0.0095
62,46,25.5,0.0081
62,47,25.2,0.0064
62,48,24.95,0.0074
62,49,24.65,0.008
63,1,1.79,0.0279
63,2,3.58,0.0112
63,3,5.4,0.0
63,4,7.2,0.0
63,5,9.0,0.0
63,6,10.8,0.0
63,7,12.59,0.0045
63,8,14.38,0.0017
63,9,16.14,0.002
63,10,17.84,0.0024
63,11,19.46,0.0033
63,12,21.02,0.0042
63,13,22.37,0.0046
63,14,23.64,0.005
63,15,24.78,0.0057
63,16,25.82,0.0054
63,17,26.62,0.0076
63,18,27.42,0.0066
63,19,28.01,0.0074
63,20,28.5,0.0086
63,21,28.91,0.0065
63,22,29.25,0.0069
63,23,29.48,0.0074
63,24,29.55,0.0076
63,25,29.71,0.0077
63,26,29.72,0.0083
63,27,29.63,0.0081
63,28,29.71,0.0072
63,29,29.6,0.0072
63,30,29.46,0.0083
63,31,29.25,0.0091
63,32,29.15,0.008
63,33,28.88,0.0075
63,34,28.77,0.0085
63,35,28.59,0.0067
63,36,28.27,0.0082
63,37,28.01,0.0076
63,38,27.72,0.0078
63,39,27.49,0.0089
63,40,27.2,0.0075
63,41,26.89,0.0066
63,42,26.62,0.0091
63,43,26.39,0.0072
63,44,26.08,0.0065
63,45,25.83,0.0063
63,46,25.52,0.0064
63,47,25.28,0.0062
63,48,24.97,0.0061
63,49,24.67,0.005
64,1,1.77,0.0422
64,2,3.57,0.0176
64,3,5.4,0.0
64,4,7.2,0.0
64,5,9.0,0.0
64,6,10.8,0.0006
64,7,12.59,0.0012
64,8,14.38,0.0014
64,9,16.14,0.0024
64,10,17.84,0.003
64,11,19.48,0.0033
64,12,21.03,0.0043
64,13,22.4,0.0044
64,14,23.72,0.0064
64,15,24.85,0.0068
64,16,25.84,0.0045
64,17,26.68,0.0069
64,18,27.4,0.0084
64,19,28.08,0.0058
64,20,28.53,0.0065
64,21,28.92,0.0081
64,22,29.32,0.0066
64,23,29.54,0.0073
64,24,29.6,0.0072
64,25,29.72,0.0079
64,26,29.85,0.0075
64,27,29.88,0.0088
64,28,29.68,0.008
64,29,29.6,0.0077
64,30,29.43,0.0065
64,31,29.38,0.0076
64,32,29.19,0.0081
64,33,29.0,0.008
64,34,28.8,0.0078
64,35,28.52,0.007
64,36,28.3,0.0075
64,37,28.13,0.0074
64,38,27.83,0.0078
64,39,27.53,0.0069
64,40,27.19,0.0067
64,41,26.95,0.0081
64,42,26.73,0.0061
64,43,26.4,0.0071
64,44,26.07,0.0084
64,45,25.83,0.0057
64,46,25.57,0.0067
64,47,25.3,0.0066
64,48,24.95,0.0084
64,49,24.73,0.0072
65,1,1.77,0.0383
65,2,3.56,0.0172
65,3,5.4,0.0
65,4,7.2,0.0
65,5,9.0,0.0
65,6,10.8,0.0
65,7,12.59,0.0011
65,8,14.38,0.0014
65,9,16.13,0.0019
65,10,17.86,0.003
65,11,19.47,0.0033
65,12,20.99,0.0053
65,13,22.38,0.0047
65,14,23.72,0.0067
65,15,24.83,0.0071
65,16,25.88,0.0072
65,17,26.8,0.0042
65,18,27.49,0.0066
65,19,28.04,0.0063
65,20,28.58,0.0079
65,21,28.99,0.0076
65,22,29.3,0.0075
65,23,29.53,0.0068
65,24,29.7,0.0078
65,25,29.79,0.0093
65,26,29.87,0.0064
65,27,29.85,0.0061
65,28,29.76,0.007
65,29,29.71,0.0074
65,30,29.59,0.0069
65,31,29.42,0.0059
65,32,29.31,0.0064
65,33,29.03,0.0091
65,34,28.84,0.0088
65,35,28.64,0.0079
65,36,28.32,0.0077
65,37,28.09,0.0079
65,38,27.75,0.0073
65,39,27.6,0.0062
65,40,27.27,0.0066
65,41,27.05,0.0068
65,42,26.73,0.007
65,43,26.48,0.0083
65,44,26.18,0.0082
65,45,25.86,0.0089
65,46,25.59,0.0065
65,47,25.31,0.0069
65,48,25.02,0.0074
65,49,24.7,0.0056
66,1,1.79,0.0279
66,2,3.55,0.0189
66,3,5.4,0.0
66,4,7.2,0.0
66,5,9.0,0.0
66,6,10.8,0.0
66,7,12.6,0.001
66,8,14.39,0.0011
66,9,16.14,0.0019
66,10,17.83,0.0023
66,11,19.45,0.0041
66,12,20.96,0.0047
66,13,22.42,0.0045
66,14,23.74,0.0067
66,15,24.85,0.0054
66,16,25.88,0.0067
66,17,26.79,0.0059
66,18,27.51,0.0063
66,19,28.12,0.0068
66,20,28.69,0.008
66,21,29.08,0.0078
66,22,29.36,0.0098
66,23,29.6,0.0063
66,24,29.79,0.0076
66,25,29.85,0.0085
66,26,29.86,0.0074
66,27,29.86,0.0086
66,28,29.77,0.0072
66,29,29.74,0.0095
66,30,29.6,0.0067
66,31,29.49,0.0086
66,32,29.31,0.0077
66,33,29.04,0.0073
66,34,28.88,0.0073
66,35,28.62,0.0075
66,36,28.4,0.0082
66,37,28.13,0.0071
66,38,27.92,0.0074
66,39,27.58,0.0068
66,40,27.36,0.0067
66,41,27.08,0.0071
66,42,26.81,0.0078
66,43,26.59,0.0055
66,44,26.21,0.0069
66,45,25.95,0.0057
66,46,25.64,0.0074
66,47,25.41,0.0067
66,48,25.07,0.0071
66,49,24.8,0.0074
67,1,1.78,0.0337
67,2,3.58,0.0127
67,3,5.4,0.0
67,4,7.2,0.0
67,5,9.0,0.0
67,6,10.8,0.0006
67,7,12.59,0.001
67,8,14.38,0.0018
67,9,16.14,0.0017
67,10,17.87,0.0024
67,11,19.5,0.0036
67,12,21.05,0.0044
67,13,22.43,0.0048
67,14,23.73,0.0056
67,15,24.9,0.0059
67,16,25.91,0.0064
67,17,26.75,0.0061
67,18,27.5,0.009
67,19,28.13,0.0071
67,20,28.67,0.0095
67,21,29.09,0.0093
67,22,29.41,0.0073
67,23,29.64,0.0076
67,24,29.81,0.0069
67,25,29.82,0.0089
67,26,29.97,0.0075
67,27,29.95,0.0071
67,28,29.91,0.0069
67,29,29.82,0.0065
67,30,29.63,0.0079
67,31,29.53,0.0087
67,32,29.23,0.0076
67,33,29.21,0.0074
67,34,28.88,0.0105
67,35,28.62,0.0047
67,36,28.4,0.007
67,37,28.16,0.0074
67,38,27.85,0.0077
67,39,27.66,0.0072
67,40,27.38,0.0086
67,41,27.15,0.0073
67,42,26.78,0.0075
67,43,26.53,0.0069
67,44,26.28,0.0091
67,45,25.92,0.0079
67,46,25.69,0.0061
67,47,25.36,0.0072
67,48,25.15,0.0059
67,49,24.83,0.0061
68,1,1.79,0.02
68,2,3.58,0.0139
68,3,5.4,0.0
68,4,7.2,0.0
68,5,9.0,0.0
68,6,10.8,0.0
68,7,12.6,0.0008
68,8,14.38,0.0018
68,9,16.15,0.0017
68,10,17.86,0.003
68,11,19.48,0.0039
68,12,21.03,0.0047
68,13,22.44,0.0054
68,14,23.75,0.0048
68,15,24.87,0.0064
68,16,25.86,0.0078
68,17,26.78,0.0065
68,18,27.53,0.0078
68,19,28.14,0.0082
68,20,28.65,0.0086
68,21,29.13,0.0075
68,22,29.43,0.0088
68,23,29.66,0.008
68,24,29.83,0.0055
68,25,29.98,0.007
68,26,29.92,0.0063
68,27,30.0,0.0073
68,28,29.98,0.0077
68,29,29.8,0.0071
68,30,29.8,0.0082
68,31,29.5,0.0081
68,32,29.42,0.007
68,33,29.18,0.0076
68,34,28.98,0.0065
68,35,28.75,0.0074
68,36,28.47,0.0069
68,37,28.22,0.0068
68,38,27.97,0.0076
68,39,27.7,0.0082
68,40,27.42,0.0084
68,41,27.08,0.0067
68,42,26.79,0.0067
68,43,26.58,0.0086
68,44,26.33,0.007
68,45,25.93,0.0076
68,46,25.7,0.007
68,47,25.42,0.0058
68,48,25.16,0.0062
68,49,24.88,0.007
69,1,1.79,0.0279
69,2,3.55,0.0202
69,3,5.4,0.0
69,4,7.2,0.0
69,5,9.0,0.0
69,6,10.8,0.0
69,7,12.6,0.0008
69,8,14.39,0.0012
69,9,16.15,0.002
69,10,17.86,0.0031
69,11,19.49,0.0041
69,12,21.03,0.0042
69,13,22.48,0.004
69,14,23.77,0.0052
69,15,24.89,0.0049
69,16,25.89,0.0063
69,17,26.83,0.007
69,18,27.63,0.0069
69,19,28.23,0.0044
69,20,28.75,0.0077
69,21,29.17,0.0076
69,22,29.49,0.0099
69,23,29.69,0.0075
69,24,29.93,0.0085
69,25,30.01,0.0064
69,26,30.07,0.0087
69,27,30.07,0.0077
69,28,29.96,0.0078
69,29,29.96,0.0069
69,30,29.75,0.0077
69,31,29.69,0.0085
69,32,29.38,0.0059
69,33,29.21,0.0084
69,34,29.02,0.0077
69,35,28.79,0.0065
69,36,28.51,0.0076
69,37,28.21,0.0078
69,38,27.96,0.0075
69,39,27.63,0.0083
69,40,27.52,0.007
69,41,27.15,0.006
69,42,26.96,0.007
69,43,26.53,0.0076
69,44,26.34,0.0084
69,45,26.0,0.0059
69,46,25.74,0.0072
69,47,25.58,0.0065
69,48,25.2,0.0068
69,49,24.87,0.0074
70,1,1.79,0.02
70,2,3.58,0.0104
70,3,5.4,0.0
70,4,7.2,0.0
70,5,9.0,0.0
70,6,10.8,0.0
70,7,12.6,0.0006
70,8,14.38,0.0014
70,9,16.15,0.0014
70,10,17.87,0.0028
70,11,19.5,0.0028
70,12,21.05,0.0057
70,13,22.48,0.0045
70,14,23.74,0.0053
70,15,24.91,0.005
70,16,25.97,0.0071
70,17,26.82,0.0072
70,18,27.61,0.0067
70,19,28.3,0.0073
70,20,28.81,0.0061
70,21,29.14,0.0074
70,22,29.47,0.0078
70,23,29.78,0.0064
70,24,29.94,0.0065
70,25,30.07,0.0065
70,26,30.14,0.0077
70,27,30.07,0.0081
70,28,30.03,0.0074
70,29,29.91,0.0081
70,30,29.82,0.0089
70,31,29.66,0.0071
70,32,29.47,0.0067
70,33,29.21,0.0072
70,34,29.08,0.0064
70,35,28.73,0.0078
70,36,28.53,0.0085
70,37,28.29,0.0057
70,38,28.05,0.0086
70,39,27.76,0.0067
70,40,27.5,0.0069
70,41,27.16,0.0077
70,42,27.0,0.0063
70,43,26.65,0.0075
70,44,26.34,0.0056
70,45,26.05,0.008
70,46,25.82,0.0073
70,47,25.51,0.0095
70,48,25.21,0.0055
70,49,24.96,0.0072
71,1,1.79,0.0279
71,2,3.56,0.0139
71,3,5.4,0.0
71,4,7.2,0.0
71,5,9.0,0.0
71,6,10.8,0.0006
71,7,12.59,0.001
71,8,14.39,0.0012
71,9,16.15,0.0021
71,10,17.88,0.0028
71,11,19.51,0.004
71,12,21.06,0.0041
71,13,22.48,0.0049
71,14,23.76,0.0057
71,15,24.93,0.0071
71,16,25.91,0.0083
71,17,26.92,0.005
71,18,27.56,0.0066
71,19,28.33,0.0083
71,20,28.78,0.0069
71,21,29.24,0.0077
71,22,29.58,0.0086
71,23,29.84,0.0074
71,24,30.0,0.0086
71,25,30.05,0.0062
71,26,30.1,0.01
71,27,30.12,0.0066
71,28,30.06,0.0083
71,29,29.87,0.0088
71,30,29.83,0.0071
71,31,29.62,0.0076
71,32,29.49,0.007
71,33,29.31,0.0066
71,34,29.09,0.0079
71,35,28.81,0.0074
71,36,28.64,0.0085
71,37,28.39,0.0065
71,38,28.04,0.0067
71,39,27.77,0.0063
71,40,27.52,0.0082
71,41,27.31,0.0068
71,42,26.96,0.0078
71,43,26.67,0.0069
71,44,26.4,0.0073
71,45,26.13,0.007
71,46,25.81,0.0071
71,47,25.53,0.0087
71,48,25.25,0.0071
71,49,25.02,0.0075
72,1,1.77,0.0422
72,2,3.56,0.0188
72,3,5.4,0.0
72,4,7.2,0.0
72,5,9.0,0.0
72,6,10.8,0.0
72,7,12.6,0.0008
72,8,14.38,0.0012
72,9,16.14,0.0025
72,10,17.86,0.0022
72,11,19.52,0.0031
72,12,21.09,0.0039
72,13,22.5,0.0049
72,14,23.81,0.0065
72,15,24.99,0.0062
72,16,25.98,0.0075
72,17,26.9,0.0062
72,18,27.72,0.0082
72,19,28.32,0.0069
72,20,28.88,0.0069
72,21,29.31,0.0059
72,22,29.58,0.0059
72,23,29.81,0.0071
72,24,30.02,0.0089
72,25,30.13,0.0082
72,26,30.27,0.0083
72,27,30.14,0.0082
72,28,30.05,0.0076
72,29,30.03,0.0083
72,30,29.93,0.0074
72,31,29.69,0.0079
72,32,29.5,0.007
72,33,29.4,0.0058
72,34,29.19,0.0086
72,35,28.88,0.0075
72,36,28.63,0.0071
72,37,28.41,0.0075
72,38,28.13,0.0087
72,39,27.88,0.0092
72,40,27.6,0.0079
72,41,27.27,0.0089
72,42,26.97,0.0069
72,43,26.71,0.0095
72,44,26.46,0.0092
72,45,26.1,0.0067
72,46,25.83,0.0058
72,47,25.59,0.0079
72,48,25.26,0.0077
72,49,25.01,0.0082
73,1,1.78,0.0337
73,2,3.58,0.0104
73,3,5.4,0.0
73,4,7.2,0.0
73,5,9.0,0.0
73,6,10.8,0.0
73,7,12.59,0.0011
73,8,14.38,0.0016
73,9,16.15,0.0023
73,10,17.86,0.0027
73,11,19.51,0.0045
73,12,21.1,0.004
73,13,22.5,0.004
73,14,23.81,0.0046
73,15,25.04,0.0055
73,16,26.05,0.0062
73,17,26.93,0.0081
73,18,27.73,0.0072
73,19,28.34,0.0087
73,20,28.9,0.0075
73,21,29.28,0.0088
73,22,29.66,0.0062
73,23,29.9,0.0087
73,24,30.04,0.009
73,25,30.2,0.0092
73,26,30.18,0.0075
73,27,30.19,0.0091
73,28,30.14,0.0073
73,29,30.03,0.0073
73,30,29.89,0.009
73,31,29.76,0.0064
73,32,29.52,0.0071
73,33,29.43,0.0072
73,34,29.15,0.0086
73,35,28.91,0.007
73,36,28.7,0.0058
73,37,28.45,0.0067
73,38,28.14,0.0099
73,39,27.85,0.0078
73,40,27.6,0.0086
73,41,27.33,0.0057
73,42,27.05,0.0067
73,43,26.7,0.0051
73,44,26.41,0.0075
73,45,26.19,0.0071
73,46,25.87,0.0068
73,47,25.57,0.008
73,48,25.32,0.0061
73,49,25.04,0.0076
74,1,1.79,0.0279
74,2,3.58,0.0104
74,3,5.4,0.0
74,4,7.2,0.0
74,5,9.0,0.0
74,6,10.8,0.0
74,7,12.6,0.0004
74,8,14.38,0.0015
74,9,16.16,0.0019
74,10,17.87,0.0029
74,11,19.52,0.0029
74,12,21.08,0.004
74,13,22.51,0.0061
74,14,23.87,0.0047
74,15,25.05,0.0056
74,16,26.03,0.0079
74,17,26.97,0.0055
74,18,27.72,0.0072
74,19,28.32,0.0054
74,20,28.9,0.0069
74,21,29.35,0.008
74,22,29.61,0.0069
74,23,29.95,0.0078
74,24,30.13,0.0066
74,25,30.27,0.0072
74,26,30.32,0.0066
74,27,30.23,0.0082
74,28,30.23,0.0089
74,29,30.1,0.0061
74,30,29.93,0.0073
74,31,29.84,0.0069
74,32,29.59,0.0079
74,33,29.4,0.0085
74,34,29.24,0.0053
74,35,28.94,0.0071
74,36,28.73,0.0075
74,37,28.48,0.0076
74,38,28.15,0.0081
74,39,27.91,0.0082
74,40,27.58,0.0084
74,41,27.29,0.0075
74,42,27.09,0.0064
74,43,26.77,0.009
74,44,26.48,0.0056
74,45,26.23,0.0067
74,46,25.91,0.0059
74,47,25.6,0.0049
74,48,25.31,0.0084
74,49,25.11,0.0071
75,1,1.78,0.0337
75,2,3.58,0.0127
75,3,5.4,0.0
75,4,7.2,0.0
75,5,9.0,0.0
75,6,10.8,0.0006
75,7,12.6,0.0007
75,8,14.39,0.0011
75,9,16.15,0.0014
75,10,17.87,0.004
75,11,19.53,0.0044
75,12,21.12,0.0039
75,13,22.52,0.0054
75,14,23.82,0.0049
75,15,24.95,0.0051
75,16,26.06,0.0072
75,17,26.97,0.0056
75,18,27.71,0.0064
75,19,28.4,0.0058
75,20,28.96,0.0072
75,21,29.36,0.0067
75,22,29.67,0.0086
75,23,29.89,0.0068
75,24,30.08,0.0085
75,25,30.29,0.0084
75,26,30.26,0.0072
75,27,30.21,0.0081
75,28,30.13,0.0081
75,29,30.11,0.0082
75,30,29.97,0.0071
75,31,29.81,0.0061
75,32,29.57,0.0076
75,33,29.52,0.0055
75,34,29.11,0.0074
75,35,29.01,0.0077
75,36,28.78,0.0078
75,37,28.48,0.0085
75,38,28.22,0.0075
75,39,28.0,0.0065
75,40,27.71,0.0072
75,41,27.32,0.0077
75,42,27.11,0.009
75,43,26.81,0.0066
75,44,26.47,0.0078
75,45,26.27,0.0069
75,46,25.88,0.0057
75,47,25.64,0.0085
75,48,25.28,0.0072
75,49,25.01,0.0063
76,1,1.79,0.0279
76,2,3.57,0.0132
76,3,5.4,0.0
76,4,7.2,0.0
76,5,9.0,0.0
76,6,10.8,0.0
76,7,12.6,0.0006
76,8,14.39,0.0013
76,9,16.15,0.0016
76,10,17.88,0.0031
76,11,19.52,0.0032
76,12,21.13,0.0033
76,13,22.55,0.0049
76,14,23.86,0.0052
76,15,25.03,0.0058
76,16,26.05,0.007
76,17,26.98,0.0057
76,18,27.78,0.0079
76,19,28.44,0.0079
76,20,28.98,0.0071
76,21,29.31,0.0093
76,22,29.74,0.0074
76,23,29.99,0.0092
76,24,30.19,0.0067
76,25,30.21,0.0067
76,26,30.27,0.0092
76,27,30.37,0.0059
76,28,30.24,0.0077
76,29,30.16,0.0062
76,30,30.01,0.0092
76,31,29.88,0.0073
76,32,29.67,0.0055
76,33,29.52,0.007
76,34,29.33,0.0082
76,35,29.09,0.0064
76,36,28.8,0.0089
76,37,28.49,0.0083
76,38,28.22,0.0073
76,39,28.02,0.0079
76,40,27.66,0.0082
76,41,27.38,0.0071
76,42,27.12,0.0071
76,43,26.85,0.0082
76,44,26.49,0.0078
76,45,26.18,0.0041
76,46,25.93,0.0065
76,47,25.6,0.0085
76,48,25.33,0.01
76,49,25.11,0.0077
77,1,1.79,0.0279
77,2,3.57,0.0143
77,3,5.4,0.0
77,4,7.2,0.0
77,5,9.0,0.0
77,6,10.8,0.0
77,7,12.6,0.0008
77,8,14.38,0.0011
77,9,16.15,0.0016
77,10,17.89,0.0022
77,11,19.53,0.0039
77,12,21.08,0.0049
77,13,22.56,0.0051
77,14,23.85,0.0052
77,15,25.06,0.0059
77,16,26.16,0.0052
77,17,27.01,0.0065
77,18,27.79,0.0067
77,19,28.45,0.0052
77,20,29.0,0.0067
77,21,29.39,0.0063
77,22,29.79,0.008
77,23,30.04,0.0071
77,24,30.16,0.0084
77,25,30.3,0.0061
77,26,30.34,0.0067
77,27,30.31,0.0084
77,28,30.29,0.0095
77,29,30.22,0.007
77,30,30.05,0.0059
77,31,29.89,0.0084
77,32,29.61,0.0058
77,33,29.58,0.0066
77,34,29.3,0.0067
77,35,29.02,0.0075
77,36,28.73,0.0085
77,37,28.55,0.0076
77,38,28.25,0.0075
77,39,27.99,0.0083
77,40,27.69,0.0066
77,41,27.4,0.0076
77,42,27.13,0.0065
77,43,26.82,0.0074
77,44,26.54,0.0073
77,45,26.25,0.0078
77,46,25.95,0.0067
77,47,25.69,0.0078
77,48,25.37,0.0082
77,49,25.1,0.007
78,1,1.79,0.02
78,2,3.56,0.0157
78,3,5.4,0.0
78,4,7.2,0.0
78,5,9.0,0.0
78,6,10.8,0.0
78,7,12.6,0.0007
78,8,14.39,0.0009
78,9,16.16,0.0016
78,10,17.87,0.003
78,11,19.56,0.0035
78,12,21.1,0.0058
78,13,22.56,0.0057
78,14,23.9,0.0051
78,15,25.09,0.008
78,16,26.1,0.0057
78,17,27.03,0.0062
78,18,27.8,0.0063
78,19,28.49,0.0082
78,20,29.02,0.007
78,21,29.45,0.0074
78,22,29.72,0.0071
78,23,30.04,0.0084
78,24,30.19,0.0082
78,25,30.27,0.0082
78,26,30.43,0.0071
78,27,30.33,0.0058
78,28,30.38,0.0076
78,29,30.25,0.008
78,30,30.13,0.0076
78,31,29.89,0.0055
78,32,29.72,0.0078
78,33,29.57,0.0075
78,34,29.33,0.0092
78,35,29.1,0.0071
78,36,28.91,0.0081
78,37,28.57,0.0088
78,38,28.29,0.0072
78,39,28.07,0.0068
78,40,27.72,0.0083
78,41,27.5,0.0074
78,42,27.15,0.0068
78,43,26.83,0.0077
78,44,26.65,0.008
78,45,26.33,0.0049
78,46,25.98,0.009
78,47,25.69,0.0075
78,48,25.46,0.0065
78,49,25.08,0.0063
79,1,1.8,0.0
79,2,3.55,0.0158
79,3,5.4,0.0
79,4,7.2,0.0
79,5,9.0,0.0
79,6,10.8,0.0
79,7,12.6,0.0006
79,8,14.39,0.001
79,9,16.16,0.0017
79,10,17.89,0.0024
79,11,19.53,0.0038
79,12,21.11,0.0042
79,13,22.58,0.0062
79,14,23.85,0.0049
79,15,25.1,0.0055
79,16,26.13,0.0055
79,17,27.12,0.0047
79,18,27.85,0.0076
79,19,28.52,0.0071
79,20,28.97,0.0077
79,21,29.5,0.0067
79,22,29.85,0.0074
79,23,30.03,0.0085
79,24,30.25,0.0088
79,25,30.3,0.0069
79,26,30.37,0.0079
79,27,30.34,0.0067
79,28,30.3,0.0093
79,29,30.29,0.0095
79,30,30.05,0.0093
79,31,30.01,0.0076
79,32,29.82,0.0057
79,33,29.52,0.0087
79,34,29.36,0.0093
79,35,29.07,0.0095
79,36,28.88,0.0082
79,37,28.59,0.0086
79,38,28.42,0.0064
79,39,28.15,0.0069
79,40,27.73,0.0052
79,41,27.48,0.0075
79,42,27.2,0.0066
79,43,26.89,0.0068
79,44,26.63,0.0085
79,45,26.26,0.0089
79,46,26.03,0.0054
79,47,25.75,0.0072
79,48,25.47,0.0067
79,49,25.08,0.0067
80,1,1.8,0.0
80,2,3.55,0.0174
80,3,5.4,0.0
80,4,7.2,0.0
80,5,9.0,0.0
80,6,10.8,0.0
80,7,12.6,0.0
80,8,14.4,0.0008
80,9,16.15,0.0028
80,10,17.87,0.0025
80,11,19.55,0.0049
80,12,21.12,0.0038
80,13,22.56,0.0051
80,14,23.93,0.0061
80,15,25.13,0.0057
80,16,26.18,0.007
80,17,27.07,0.0062
80,18,27.83,0.007
80,19,28.53,0.0077
80,20,29.11,0.0078
80,21,29.44,0.0065
80,22,29.86,0.0079
80,23,30.11,0.0063
80,24,30.27,0.0075
80,25,30.36,0.0087
80,26,30.33,0.0093
80,27,30.41,0.0078
80,28,30.39,0.0087
80,29,30.3,0.007
80,30,30.13,0.0069
80,31,30.01,0.0079
80,32,29.83,0.0081
80,33,29.54,0.0107
80,34,29.37,0.0066
80,35,29.15,0.0078
80,36,28.91,0.0079
80,37,28.63,0.0097
80,38,28.33,0.0085
80,39,28.15,0.0079
80,40,27.74,0.0066
80,41,27.45,0.01
80,42,27.24,0.0082
80,43,26.83,0.0076
80,44,26.6,0.0076
80,45,26.33,0.0072
80,46,26.05,0.0068
80,47,25.74,0.0073
80,48,25.45,0.0076
80,49,25.19,0.0067
81,1,1.79,0.0279
81,2,3.58,0.0118
81,3,5.4,0.0
81,4,7.2,0.0
81,5,9.0,0.0
81,6,10.8,0.0
81,7,12.6,0.0006
81,8,14.39,0.0011
81,9,16.16,0.0019
81,10,17.89,0.0027
81,11,19.54,0.0041
81,12,21.13,0.0046
81,13,22.61,0.0053
81,14,23.92,0.0046
81,15,25.14,0.006
81,16,26.18,0.0067
81,17,27.1,0.0063
81,18,27.85,0.0079
81,19,28.49,0.0076
81,20,29.09,0.007
81,21,29.53,0.0064
81,22,29.78,0.0058
81,23,30.12,0.0057
81,24,30.28,0.0076
81,25,30.37,0.0095
81,26,30.46,0.0092
81,27,30.53,0.0087
81,28,30.38,0.0075
81,29,30.4,0.0065
81,30,30.18,0.0067
81,31,30.03,0.0069
81,32,29.87,0.0091
81,33,29.63,0.0068
81,34,29.49,0.0071
81,35,29.1,0.0059
81,36,28.96,0.0082
81,37,28.63,0.0073
81,38,28.38,0.009
81,39,28.13,0.007
81,40,27.8,0.0056
81,41,27.56,0.0098
81,42,27.19,0.007
81,43,26.97,0.007
81,44,26.65,0.0059
81,45,26.39,0.0075
81,46,26.12,0.009
81,47,25.8,0.0068
81,48,25.5,0.0067
81,49,25.17,0.0079
82,1,1.79,0.02
82,2,3.57,0.0167
82,3,5.4,0.0
82,4,7.2,0.0
82,5,9.0,0.0
82,6,10.8,0.0
82,7,12.6,0.0006
82,8,14.39,0.0012
82,9,16.15,0.0023
82,10,17.89,0.0026
82,11,19.56,0.0032
82,12,21.14,0.0036
82,13,22.61,0.0048
82,14,23.9,0.0045
82,15,25.12,0.0047
82,16,26.18,0.0058
82,17,27.09,0.0064
82,18,27.91,0.0068
82,19,28.62,0.0069
82,20,29.19,0.0065
82,21,29.52,0.0096
82,22,29.92,0.0071
82,23,30.19,0.0084
82,24,30.25,0.0071
82,25,30.49,0.0073
82,26,30.51,0.0086
82,27,30.47,0.0084
82,28,30.5,0.0059
82,29,30.31,0.0089
82,30,30.26,0.0088
82,31,29.98,0.0078
82,32,29.86,0.0084
82,33,29.64,0.0067
82,34,29.42,0.0073
82,35,29.17,0.0077
82,36,28.96,0.0085
82,37,28.68,0.0064
82,38,28.41,0.0087
82,39,28.11,0.0086
82,40,27.85,0.0069
82,41,27.53,0.0056
82,42,27.25,0.0084
82,43,26.95,0.0087
82,44,26.68,0.0058
82,45,26.36,0.0078
82,46,26.06,0.0079
82,47,25.76,0.0075
82,48,25.46,0.0066
82,49,25.24,0.0068
83,1,1.79,0.0279
83,2,3.57,0.0179
83,3,5.4,0.0
83,4,7.2,0.0
83,5,9.0,0.0
83,6,10.8,0.0
83,7,12.6,0.0006
83,8,14.39,0.001
83,9,16.16,0.0019
83,10,17.89,0.0027
83,11,19.53,0.0046
83,12,21.15,0.0044
83,13,22.6,0.0049
83,14,23.92,0.0052
83,15,25.16,0.0066
83,16,26.22,0.0069
83,17,27.16,0.0066
83,18,27.94,0.0066
83,19,28.56,0.0056
83,20,29.14,0.0064
83,21,29.63,0.0063
83,22,29.93,0.008
83,23,30.13,0.0077
83,24,30.29,0.0076
83,25,30.56,0.0091
83,26,30.53,0.0074
83,27,30.5,0.0079
83,28,30.55,0.0073
83,29,30.35,0.007
83,30,30.25,0.0087
83,31,30.08,0.0076
83,32,29.9,0.0072
83,33,29.7,0.0072
83,34,29.45,0.0069
83,35,29.25,0.0065
83,36,28.95,0.007
83,37,28.7,0.0091
83,38,28.44,0.0067
83,39,28.14,0.0094
83,40,27.87,0.0063
83,41,27.55,0.006
83,42,27.3,0.0065
83,43,27.0,0.0075
83,44,26.73,0.006
83,45,26.33,0.0075
83,46,26.22,0.005
83,47,25.8,0.006
83,48,25.55,0.0058
83,49,25.23,0.0078
84,1,1.79,0.0279
84,2,3.57,0.0164
84,3,5.4,0.0
84,4,7.2,0.0
84,5,9.0,0.0
84,6,10.8,0.0
84,7,12.6,0.0004
84,8,14.39,0.0008
84,9,16.16,0.0022
84,10,17.89,0.0023
84,11,19.55,0.0031
84,12,21.1,0.0058
84,13,22.62,0.0049
84,14,23.97,0.0054
84,15,25.22,0.0052
84,16,26.21,0.0076
84,17,27.16,0.0086
84,18,27.93,0.0056
84,19,28.55,0.0083
84,20,29.12,0.0078
84,21,29.59,0.0084
84,22,29.96,0.0051
84,23,30.26,0.0091
84,24,30.46,0.009
84,25,30.47,0.0092
84,26,30.52,0.0073
84,27,30.54,0.0064
84,28,30.49,0.0065
84,29,30.36,0.0077
84,30,30.24,0.009
84,31,29.96,0.0072
84,32,29.95,0.0076
84,33,29.62,0.0055
84,34,29.49,0.0087
84,35,29.25,0.0059
84,36,29.02,0.0067
84,37,28.76,0.0078
84,38,28.46,0.0089
84,39,28.19,0.007
84,40,27.94,0.0083
84,41,27.65,0.0082
84,42,27.27,0.007
84,43,27.01,0.006
84,44,26.72,0.0069
84,45,26.47,0.0075
84,46,26.19,0.0085
84,47,25.83,0.0072
84,48,25.52,0.0065
84,49,25.33,0.0064
85,1,1.79,0.0279
85,2,3.58,0.0118
85,3,5.4,0.0
85,4,7.2,0.0
85,5,9.0,0.0
85,6,10.8,0.0
85,7,12.6,0.0006
85,8,14.39,0.0009
85,9,16.16,0.0017
85,10,17.9,0.0029
85,11,19.57,0.0028
85,12,21.11,0.005
85,13,22.6,0.0043
85,14,23.96,0.004
85,15,25.1,0.0059
85,16,26.27,0.0066
85,17,27.17,0.0077
85,18,27.95,0.006
85,19,28.62,0.0061
85,20,29.1,0.007
85,21,29.61,0.0074
85,22,29.97,0.0054
85,23,30.15,0.008
85,24,30.36,0.0073
85,25,30.49,0.0061
85,26,30.57,0.0067
85,27,30.51,0.0079
85,28,30.56,0.009
85,29,30.41,0.0083
85,30,30.32,0.0074
85,31,30.08,0.007
85,32,29.99,0.0079
85,33,29.77,0.0091
85,34,29.48,0.007
85,35,29.26,0.0078
85,36,29.03,0.0055
85,37,28.81,0.0076
85,38,28.56,0.0058
85,39,28.2,0.0073
85,40,27.92,0.0071
85,41,27.53,0.0068
85,42,27.34,0.0088
85,43,26.99,0.0088
85,44,26.79,0.0068
85,45,26.45,0.008
85,46,26.25,0.0062
85,47,25.83,0.0075
85,48,25.6,0.0059
85,49,25.27,0.0075
86,1,1.79,0.02
86,2,3.57,0.0124
86,3,5.4,0.0
86,4,7.2,0.0
86,5,9.0,0.0
86,6,10.8,0.0
86,7,12.6,0.0007
86,8,14.39,0.0013
86,9,16.16,0.0016
86,10,17.89,0.0023
86,11,19.57,0.0031
86,12,21.11,0.0048
86,13,22.59,0.004
86,14,23.92,0.0053
86,15,25.17,0.0064
86,16,26.18,0.0066
86,17,27.19,0.0082
86,18,27.95,0.0079
86,19,28.59,0.007
86,20,29.22,0.0067
86,21,29.64,0.0082
86,22,30.01,0.0075
86,23,30.21,0.007
86,24,30.39,0.0084
86,25,30.49,0.008
86,26,30.6,0.0064
86,27,30.61,0.0078
86,28,30.49,0.0096
86,29,30.5,0.0075
86,30,30.25,0.0064
86,31,30.11,0.0072
86,32,29.9,0.0066
86,33,29.75,0.0087
86,34,29.6,0.0081
86,35,29.27,0.008
86,36,29.0,0.0087
86,37,28.72,0.0088
86,38,28.53,0.0074
86,39,28.18,0.0068
86,40,27.93,0.0079
86,41,27.67,0.0077
86,42,27.32,0.0064
86,43,27.13,0.0061
86,44,26.79,0.0073
86,45,26.46,0.0069
86,46,26.19,0.0088
86,47,25.9,0.0062
86,48,25.58,0.0062
86,49,25.29,0.0078
87,1,1.79,0.02
87,2,3.57,0.0151
87,3,5.4,0.0
87,4,7.2,0.0
87,5,9.0,0.0
87,6,10.8,0.0
87,7,12.6,0.0004
87,8,14.39,0.0009
87,9,16.16,0.0025
87,10,17.91,0.0022
87,11,19.58,0.0039
87,12,21.13,0.0054
87,13,22.61,0.005
87,14,23.91,0.0056
87,15,25.12,0.006
87,16,26.3,0.0063
87,17,27.21,0.0061
87,18,27.95,0.0079
87,19,28.69,0.0072
87,20,29.24,0.0076
87,21,29.67,0.008
87,22,30.0,0.007
87,23,30.23,0.008
87,24,30.44,0.0076
87,25,30.56,0.0089
87,26,30.65,0.0111
87,27,30.61,0.0062
87,28,30.56,0.0073
87,29,30.44,0.0075
87,30,30.38,0.0071
87,31,30.22,0.0073
87,32,30.0,0.0069
87,33,29.75,0.0072
87,34,29.54,0.0071
87,35,29.28,0.0099
87,36,29.1,0.0062
87,37,28.77,0.0058
87,38,28.54,0.0081
87,39,28.26,0.0086
87,40,27.93,0.0061
87,41,27.69,0.0072
87,42,27.38,0.0092
87,43,27.04,0.0072
87,44,26.74,0.0079
87,45,26.48,0.0062
87,46,26.15,0.0061
87,47,25.87,0.008
87,48,25.57,0.0064
87,49,25.35,0.0082
88,1,1.78,0.0337
88,2,3.57,0.0164
88,3,5.4,0.0
88,4,7.2,0.0
88,5,9.0,0.0
88,6,10.8,0.0
88,7,12.6,0.0006
88,8,14.39,0.0008
88,9,16.16,0.0021
88,10,17.88,0.0021
88,11,19.58,0.0027
88,12,21.15,0.0045
88,13,22.64,0.0049
88,14,24.01,0.0052
88,15,25.19,0.0053
88,16,26.27,0.0071
88,17,27.22,0.0067
88,18,27.91,0.0083
88,19,28.69,0.0074
88,20,29.28,0.0068
88,21,29.71,0.007
88,22,30.0,0.0087
88,23,30.3,0.0065
88,24,30.53,0.0073
88,25,30.59,0.006
88,26,30.68,0.0069
88,27,30.63,0.007
88,28,30.5,0.0092
88,29,30.36,0.0089
88,30,30.38,0.007
88,31,30.22,0.0071
88,32,30.0,0.0096
88,33,29.7,0.0082
88,34,29.63,0.0092
88,35,29.32,0.0075
88,36,29.07,0.0072
88,37,28.83,0.009
88,38,28.46,0.0096
88,39,28.26,0.008
88,40,28.02,0.0074
88,41,27.66,0.0068
88,42,27.43,0.0071
88,43,27.13,0.0065
88,44,26.8,0.006
88,45,26.51,0.0053
88,46,26.12,0.0077
88,47,25.96,0.0077
88,48,25.63,0.0061
88,49,25.29,0.0072
89,1,1.77,0.0383
89,2,3.58,0.0104
89,3,5.4,0.0
89,4,7.2,0.0
89,5,9.0,0.0
89,6,10.8,0.0
89,7,12.6,0.0006
89,8,14.39,0.001
89,9,16.16,0.0013
89,10,17.88,0.0032
89,11,19.58,0.0038
89,12,21.15,0.0043
89,13,22.66,0.0046
89,14,23.99,0.0061
89,15,25.17,0.0063
89,16,26.24,0.008
89,17,27.24,0.0072
89,18,27.98,0.007
89,19,28.68,0.0077
89,20,29.23,0.008
89,21,29.7,0.0073
89,22,30.03,0.0055
89,23,30.33,0.0105
89,24,30.56,0.0074
89,25,30.64,0.0081
89,26,30.69,0.0069
89,27,30.62,0.0079
89,28,30.53,0.0086
89,29,30.54,0.0065
89,30,30.42,0.0066
89,31,30.2,0.0071
89,32,30.09,0.0081
89,33,29.89,0.0089
89,34,29.61,0.0081
89,35,29.32,0.0068
89,36,29.11,0.0101
89,37,28.83,0.0081
89,38,28.52,0.006
89,39,28.2,0.0057
89,40,28.01,0.0076
89,41,27.75,0.0068
89,42,27.36,0.0071
89,43,27.06,0.0092
89,44,26.81,0.0078
89,45,26.55,0.0059
89,46,26.21,0.0071
89,47,25.82,0.007
89,48,25.65,0.0081
89,49,25.37,0.0093
90,1,1.79,0.02
90,2,3.56,0.0213
90,3,5.4,0.0
90,4,7.2,0.0
90,5,9.0,0.0
90,6,10.8,0.0
90,7,12.6,0.0006
90,8,14.39,0.001
90,9,16.16,0.0022
90,10,17.9,0.0024
90,11,19.58,0.0027
90,12,21.2,0.0033
90,13,22.61,0.0055
90,14,23.98,0.0057
90,15,25.21,0.0054
90,16,26.29,0.0055
90,17,27.22,0.007
90,18,28.04,0.0087
90,19,28.68,0.006
90,20,29.21,0.0057
90,21,29.74,0.0076
90,22,30.08,0.0071
90,23,30.28,0.0077
90,24,30.45,0.0072
90,25,30.71,0.0077
90,26,30.69,0.0094
90,27,30.58,0.0088
90,28,30.61,0.0094
90,29,30.44,0.0072
90,30,30.38,0.0096
90,31,30.21,0.0072
90,32,30.07,0.0073
90,33,29.84,0.0078
90,34,29.71,0.0077
90,35,29.4,0.0084
90,36,29.11,0.0094
90,37,28.87,0.008
90,38,28.66,0.0092
90,39,28.35,0.0051
90,40,27.9,0.0069
90,41,27.72,0.0078
90,42,27.42,0.0081
90,43,27.09,0.0093
90,44,26.82,0.0074
90,45,26.47,0.0065
90,46,26.27,0.0071
90,47,25.94,0.0066
90,48,25.69,0.0056
90,49,25.41,0.0087
91,1,1.79,0.0279
91,2,3.58,0.0118
91,3,5.4,0.0
91,4,7.2,0.0
91,5,9.0,0.0
91,6,10.8,0.0
91,7,12.6,0.0004
91,8,14.39,0.0008
91,9,16.15,0.0017
91,10,17.9,0.0027
91,11,19.57,0.0044
91,12,21.14,0.0056
91,13,22.65,0.0068
91,14,24.02,0.0052
91,15,25.19,0.0065
91,16,26.28,0.0063
91,17,27.25,0.0065
91,18,28.05,0.0068
91,19,28.67,0.0059
91,20,29.24,0.0077
91,21,29.8,0.0079
91,22,30.12,0.0067
91,23,30.35,0.0082
91,24,30.46,0.008
91,25,30.6,0.0064
91,26,30.72,0.0097
91,27,30.7,0.0095
91,28,30.7,0.0114
91,29,30.47,0.0079
91,30,30.45,0.0077
91,31,30.29,0.0084
91,32,30.07,0.0093
91,33,29.86,0.006
91,34,29.62,0.0088
91,35,29.41,0.0076
91,36,29.17,0.008
91,37,28.86,0.008
91,38,28.55,0.0088
91,39,28.34,0.0084
91,40,27.96,0.0074
91,41,27.76,0.0079
91,42,27.44,0.0076
91,43,27.12,0.009
91,44,26.83,0.0081
91,45,26.54,0.0078
91,46,26.23,0.0068
91,47,25.97,0.0059
91,48,25.65,0.0077
91,49,25.43,0.0075
92,1,1.79,0.02
92,2,3.57,0.0128
92,3,5.4,0.0
92,4,7.2,0.0
92,5,9.0,0.0
92,6,10.8,0.0
92,7,12.6,0.0
92,8,14.39,0.0008
92,9,16.17,0.0016
92,10,17.91,0.0019
92,11,19.56,0.0034
92,12,21.17,0.0047
92,13,22.62,0.0043
92,14,24.01,0.0061
92,15,25.23,0.0059
92,16,26.29,0.0062
92,17,27.25,0.0065
92,18,28.06,0.0068
92,19,28.76,0.0098
92,20,29.31,0.0087
92,21,29.77,0.0077
92,22,30.14,0.0069
92,23,30.41,0.0067
92,24,30.58,0.0085
92,25,30.66,0.008
92,26,30.69,0.0082
92,27,30.75,0.0083
92,28,30.69,0.0078
92,29,30.63,0.007
92,30,30.41,0.007
92,31,30.25,0.0078
92,32,30.12,0.0077
92,33,29.85,0.0069
92,34,29.6,0.0072
92,35,29.46,0.0064
92,36,29.11,0.0074
92,37,28.87,0.0062
92,38,28.58,0.0069
92,39,28.32,0.0072
92,40,28.11,0.0082
92,41,27.73,0.0082
92,42,27.42,0.0089
92,43,27.19,0.0079
92,44,26.85,0.0084
92,45,26.53,0.0073
92,46,26.26,0.0067
92,47,25.97,0.0054
92,48,25.7,0.0076
92,49,25.36,0.0074
93,1,1.79,0.0279
93,2,3.57,0.0147
93,3,5.4,0.0
93,4,7.2,0.0
93,5,9.0,0.0
93,6,10.8,0.0006
93,7,12.6,0.0006
93,8,14.39,0.001
93,9,16.17,0.0017
93,10,17.91,0.002
93,11,19.57,0.0049
93,12,21.15,0.0052
93,13,22.65,0.0047
93,14,23.98,0.0061
93,15,25.2,0.0059
93,16,26.29,0.0074
93,17,27.24,0.0061
93,18,28.05,0.0064
93,19,28.78,0.0098
93,20,29.29,0.0073
93,21,29.75,0.0087
93,22,30.08,0.0077
93,23,30.34,0.0079
93,24,30.52,0.0077
93,25,30.73,0.0067
93,26,30.66,0.0072
93,27,30.73,0.0066
93,28,30.64,0.0085
93,29,30.55,0.0081
93,30,30.46,0.0081
93,31,30.29,0.008
93,32,30.06,0.0088
93,33,29.88,0.009
93,34,29.64,0.007
93,35,29.46,0.0062
93,36,29.21,0.0061
93,37,28.87,0.0089
93,38,28.66,0.0078
93,39,28.29,0.0083
93,40,28.16,0.0078
93,41,27.77,0.007
93,42,27.43,0.0056
93,43,27.15,0.0079
93,44,26.91,0.0064
93,45,26.55,0.0066
93,46,26.24,0.0074
93,47,26.01,0.0085
93,48,25.72,0.0069
93,49,25.44,0.007
94,1,1.78,0.0337
94,2,3.56,0.02
94,3,5.4,0.0
94,4,7.2,0.0
94,5,9.0,0.0
94,6,10.8,0.0
94,7,12.6,0.0
94,8,14.38,0.0041
94,9,16.17,0.0018
94,10,17.91,0.0028
94,11,19.6,0.0029
94,12,21.2,0.0046
94,13,22.66,0.0051
94,14,24.02,0.0043
94,15,25.18,0.0066
94,16,26.34,0.0065
94,17,27.26,0.0051
94,18,28.12,0.007
94,19,28.75,0.0067
94,20,29.31,0.0079
94,21,29.73,0.0064
94,22,30.1,0.0077
94,23,30.42,0.009
94,24,30.57,0.0082
94,25,30.67,0.0091
94,26,30.75,0.0061
94,27,30.77,0.0077
94,28,30.73,0.0082
94,29,30.59,0.0086
94,30,30.46,0.0071
94,31,30.3,0.0099
94,32,30.12,0.0074
94,33,29.91,0.0055
94,34,29.73,0.0077
94,35,29.47,0.0083
94,36,29.24,0.0073
94,37,28.93,0.0067
94,38,28.66,0.0071
94,39,28.37,0.0068
94,40,28.05,0.0076
94,41,27.83,0.0095
94,42,27.52,0.0073
94,43,27.17,0.0098
94,44,26.91,0.0076
94,45,26.6,0.0084
94,46,26.26,0.0066
94,47,25.95,0.0075
94,48,25.76,0.0066
94,49,25.47,0.0074
95,1,1.79,0.02
95,2,3.57,0.0151
95,3,5.4,0.0
95,4,7.2,0.0
95,5,9.0,0.0
95,6,10.8,0.0
95,7,12.6,0.0004
95,8,14.39,0.001
95,9,16.17,0.0022
95,10,17.91,0.0027
95,11,19.56,0.0032
95,12,21.2,0.0031
95,13,22.67,0.0051
95,14,24.02,0.0054
95,15,25.25,0.0071
95,16,26.36,0.0061
95,17,27.28,0.0065
95,18,28.1,0.0081
95,19,28.8,0.0057
95,20,29.34,0.007
95,21,29.82,0.0081
95,22,30.19,0.008
95,23,30.37,0.0095
95,24,30.59,0.0094
95,25,30.67,0.0093
95,26,30.78,0.0084
95,27,30.8,0.0082
95,28,30.75,0.0074
95,29,30.67,0.0077
95,30,30.47,0.007
95,31,30.35,0.0093
95,32,30.14,0.0075
95,33,29.95,0.0058
95,34,29.7,0.0084
95,35,29.51,0.0081
95,36,29.18,0.0072
95,37,28.95,0.0097
95,38,28.7,0.0071
95,39,28.35,0.0065
95,40,28.06,0.0072
95,41,27.85,0.0079
95,42,27.53,0.0071
95,43,27.24,0.0075
95,44,26.96,0.0076
95,45,26.66,0.0078
95,46,26.35,0.0075
95,47,25.96,0.0085
95,48,25.69,0.0061
95,49,25.43,0.0078
96,1,1.78,0.0337
96,2,3.56,0.0173
96,3,5.4,0.0
96,4,7.2,0.0
96,5,9.0,0.0
96,6,10.8,0.0
96,7,12.6,0.0006
96,8,14.39,0.0008
96,9,16.16,0.0019
96,10,17.91,0.0022
96,11,19.6,0.0028
96,12,21.17,0.0038
96,13,22.66,0.0045
96,14,24.03,0.0058
96,15,25.31,0.0068
96,16,26.35,0.0066
96,17,27.27,0.0071
96,18,28.04,0.0083
96,19,28.82,0.0059
96,20,29.33,0.0091
96,21,29.83,0.0071
96,22,30.19,0.0066
96,23,30.38,0.0079
96,24,30.64,0.0085
96,25,30.74,0.007
96,26,30.71,0.0079
96,27,30.8,0.0093
96,28,30.69,0.0099
96,29,30.65,0.0098
96,30,30.48,0.0104
96,31,30.37,0.0072
96,32,30.21,0.0094
96,33,30.01,0.01
96,34,29.82,0.0071
96,35,29.44,0.0081
96,36,29.24,0.0083
96,37,28.99,0.0086
96,38,28.62,0.0075
96,39,28.34,0.0082
96,40,28.08,0.0084
96,41,27.79,0.0081
96,42,27.45,0.0058
96,43,27.19,0.0086
96,44,26.96,0.0077
96,45,26.62,0.0075
96,46,26.31,0.0071
96,47,26.03,0.0063
96,48,25.71,0.0075
96,49,25.39,0.0067
97,1,1.79,0.0279
97,2,3.57,0.0151
97,3,5.4,0.0
97,4,7.2,0.0
97,5,9.0,0.0
97,6,10.8,0.0
97,7,12.6,0.0006
97,8,14.39,0.0011
97,9,16.16,0.0038
97,10,17.88,0.0056
97,11,19.61,0.0021
97,12,21.19,0.0032
97,13,22.69,0.0049
97,14,24.04,0.0057
97,15,25.29,0.0057
97,16,26.36,0.0059
97,17,27.25,0.0069
97,18,28.16,0.0064
97,19,28.79,0.0082
97,20,29.37,0.0076
97,21,29.8,0.0085
97,22,30.12,0.008
97,23,30.44,0.0098
97,24,30.63,0.0086
97,25,30.78,0.007
97,26,30.75,0.0086
97,27,30.84,0.0075
97,28,30.76,0.0067
97,29,30.71,0.008
97,30,30.58,0.0079
97,31,30.26,0.0083
97,32,30.13,0.0077
97,33,29.95,0.0065
97,34,29.72,0.0075
97,35,29.52,0.0083
97,36,29.2,0.0089
97,37,28.89,0.0077
97,38,28.66,0.0067
97,39,28.34,0.0083
97,40,28.11,0.0072
97,41,27.86,0.0073
97,42,27.55,0.0074
97,43,27.28,0.0066
97,44,26.98,0.0104
97,45,26.64,0.0082
97,46,26.32,0.0077
97,47,26.01,0.0077
97,48,25.75,0.0085
97,49,25.47,0.0066
98,1,1.79,0.0279
98,2,3.57,0.016
98,3,5.4,0.0
98,4,7.2,0.0
98,5,9.0,0.0
98,6,10.8,0.0
98,7,12.6,0.0004
98,8,14.39,0.0008
98,9,16.17,0.0015
98,10,17.91,0.0035
98,11,19.6,0.0025
98,12,21.18,0.0031
98,13,22.69,0.0063
98,14,24.04,0.0056
98,15,25.27,0.0073
98,16,26.33,0.006
98,17,27.3,0.0055
98,18,28.13,0.0087
98,19,28.8,0.0056
98,20,29.37,0.0093
98,21,29.8,0.007
98,22,30.2,0.0084
98,23,30.39,0.0077
98,24,30.7,0.008
98,25,30.82,0.0079
98,26,30.87,0.0083
98,27,30.76,0.0064
98,28,30.82,0.0056
98,29,30.71,0.0088
98,30,30.47,0.0059
98,31,30.33,0.0078
98,32,30.14,0.0073
98,33,29.98,0.0071
98,34,29.78,0.0085
98,35,29.49,0.0076
98,36,29.23,0.0075
98,37,29.0,0.0075
98,38,28.67,0.008
98,39,28.4,0.0058
98,40,28.16,0.0085
98,41,27.87,0.0066
98,42,27.54,0.0084
98,43,27.28,0.009
98,44,26.92,0.009
98,45,26.61,0.0086
98,46,26.4,0.0076
98,47,26.07,0.0077
98,48,25.77,0.0068
98,49,25.45,0.0072
99,1,1.79,0.0279
99,2,3.56,0.0156
99,3,5.4,0.0
99,4,7.2,0.0
99,5,9.0,0.0
99,6,10.8,0.0
99,7,12.6,0.0
99,8,14.39,0.0011
99,9,16.18,0.0017
99,10,17.89,0.003
99,11,19.59,0.0029
99,12,21.13,0.0059
99,13,22.66,0.006
99,14,24.03,0.0049
99,15,25.31,0.0046
99,16,26.41,0.0051
99,17,27.31,0.0065
99,18,28.12,0.0059
99,19,28.74,0.0069
99,20,29.39,0.0091
99,21,29.9,0.0084
99,22,30.24,0.0071
99,23,30.55,0.0066
99,24,30.75,0.0084
99,25,30.75,0.008
99,26,30.93,0.0077
99,27,30.83,0.007
99,28,30.79,0.0093
99,29,30.68,0.0078
99,30,30.49,0.0072
99,31,30.36,0.0087
99,32,30.2,0.01
99,33,30.06,0.0073
99,34,29.76,0.0091
99,35,29.54,0.0079
99,36,29.2,0.0087
99,37,28.95,0.0095
99,38,28.75,0.0071
99,39,28.44,0.0073
99,40,28.2,0.0064
99,41,27.82,0.007
99,42,27.54,0.0077
99,43,27.26,0.0076
99,44,26.94,0.0087
99,45,26.68,0.0064
99,46,26.36,0.0071
99,47,26.06,0.0064
99,48,25.78,0.0059
99,49,25.54,0.0059
150,1,1.8,0.0
150,2,3.56,0.0186
150,3,5.4,0.0
150,4,7.2,0.0
150,5,9.0,0.0
150,6,10.8,0.0
150,7,12.6,0.0004
150,8,14.4,0.0005
150,9,16.16,0.0033
150,10,17.89,0.0062
150,11,19.6,0.0049
150,12,21.19,0.0052
150,13,22.72,0.0063
150,14,24.15,0.0057
150,15,25.34,0.0065
150,16,26.45,0.0085
150,17,27.46,0.0077
150,18,28.3,0.0092
150,19,29.02,0.0077
150,20,29.5,0.0102
150,21,30.04,0.0078
150,22,30.5,0.0083
150,23,30.74,0.009
150,24,30.97,0.0087
150,25,31.04,0.0086
150,26,31.15,0.0112
150,27,31.12,0.01
150,28,31.09,0.0075
150,29,31.0,0.0107
150,30,30.9,0.0084
150,31,30.69,0.0089
150,32,30.46,0.0086
150,33,30.32,0.0085
150,34,30.07,0.0091
150,35,29.78,0.0079
150,36,29.59,0.0091
150,37,29.27,0.0084
150,38,29.02,0.0088
150,39,28.66,0.0089
150,40,28.41,0.0098
150,41,28.12,0.0097
150,42,27.76,0.0074
150,43,27.55,0.0094
150,44,27.24,0.0075
150,45,26.87,0.0087
150,46,26.52,0.0088
150,47,26.31,0.011
150,48,26.05,0.0088
150,49,25.74,0.0094
200,1,1.8,0.0
200,2,3.59,0.0119
200,3,5.4,0.0
200,4,7.2,0.0
200,5,9.0,0.0
200,6,10.8,0.0
200,7,12.6,0.0
200,8,14.35,0.0052
200,9,16.13,0.0048
200,10,17.9,0.0036
200,11,19.52,0.0065
200,12,21.16,0.0073
200,13,22.64,0.0076
200,14,23.92,0.0114
200,15,25.23,0.0086
200,16,26.34,0.0102
200,17,27.3,0.0093
200,18,28.19,0.009
200,19,28.82,0.0091
200,20,29.41,0.0127
200,21,29.91,0.0111
200,22,30.39,0.0117
200,23,30.47,0.0082
200,24,30.8,0.0077
200,25,30.94,0.0102
200,26,30.99,0.0113
200,27,30.95,0.0105
200,28,30.94,0.0118
200,29,30.8,0.014
200,30,30.69,0.0095
200,31,30.55,0.011
200,32,30.31,0.0135
200,33,30.21,0.0119
200,34,29.96,0.0117
200,35,29.69,0.0129
200,36,29.41,0.0096
200,37,29.1,0.0105
200,38,28.97,0.0113
200,39,28.6,0.009
200,40,28.26,0.0076
200,41,28.03,0.0099
200,42,27.76,0.0085
200,43,27.41,0.0115
200,44,27.11,0.0109
200,45,26.79,0.0136
200,46,26.49,0.0101
200,47,26.3,0.0105
200,48,25.92,0.012
200,49,25.57,0.01
250,1,1.78,0.0337
250,2,3.56,0.0173
250,3,5.4,0.0
250,4,7.2,0.0
250,5,9.0,0.0
250,6,10.8,0.0
250,7,12.6,0.0008
250,8,14.38,0.0032
250,9,16.12,0.0049
250,10,17.82,0.0072
250,11,19.47,0.0068
250,12,21.08,0.0094
250,13,22.54,0.0095
250,14,23.83,0.0098
250,15,25.06,0.0123
250,16,26.22,0.0108
250,17,27.06,0.0116
250,18,27.9,0.0098
250,19,28.62,0.0127
250,20,29.13,0.0146
250,21,29.79,0.0128
250,22,30.14,0.011
250,23,30.36,0.0118
250,24,30.58,0.0125
250,25,30.78,0.0106
250,26,30.76,0.0152
250,27,30.83,0.0139
250,28,30.68,0.008
250,29,30.62,0.0124
250,30,30.34,0.0106
250,31,30.31,0.0126
250,32,30.21,0.0138
250,33,29.92,0.011
250,34,29.71,0.0113
250,35,29.43,0.0125
250,36,29.15,0.0129
250,37,28.92,0.0111
250,38,28.67,0.0083
250,39,28.51,0.0118
250,40,28.3,0.0109
250,41,27.9,0.0101
250,42,27.63,0.0109
250,43,27.37,0.0106
250,44,26.93,0.0104
250,45,26.68,0.0109
250,46,26.43,0.0109
250,47,26.12,0.0087
250,48,25.82,0.0109
250,49,25.58,0.0103
500,1,1.79,0.0279
500,2,3.57,0.0143
500,3,5.4,0.0
500,4,7.2,0.0
500,5,9.0,0.0018
500,6,10.78,0.0032
500,7,12.56,0.0043
500,8,14.3,0.0061
500,9,16.0,0.0093
500,10,17.7,0.0072
500,11,19.22,0.0109
500,12,20.74,0.0098
500,13,22.12,0.0115
500,14,23.38,0.0134
500,15,24.48,0.0131
500,16,25.41,0.0125
500,17,26.26,0.0168
500,18,26.91,0.0165
500,19,27.52,0.0196
500,20,28.09,0.0193
500,21,28.85,0.0164
500,22,29.25,0.0162
500,23,29.36,0.0174
500,24,29.65,0.017
500,25,29.8,0.0176
500,26,29.95,0.0128
500,27,29.8,0.0126
500,28,29.91,0.0164
500,29,29.86,0.019
500,30,29.7,0.0141
500,31,29.45,0.0163
500,32,29.32,0.0164
500,33,29.36,0.0146
500,34,28.9,0.0175
500,35,28.84,0.0195
500,36,28.57,0.0173
500,37,28.39,0.0155
500,38,28.16,0.0154
500,39,27.91,0.0146
500,40,27.69,0.0162
500,41,27.26,0.0179
500,42,27.27,0.0157
500,43,26.78,0.0138
500,44,26.6,0.0164
500,45,26.18,0.0144
500,46,26.01,0.0163
500,47,25.77,0.0121
500,48,25.34,0.0128
500,49,25.23,0.0126
