bin_i,bin_j,overlap_edge_mass,positive_edges_K,H0_log_K,H2_order_2,renyi_gap_H0_minus_H2,effective_edge_count
0,1,758,3,1.0986122886681098,1.0964286691131246,0.002183619554985139,2.9934562884234657
1,2,788,3,1.0986122886681098,1.0893182167048638,0.009294071963245942,2.9722469532917852
2,3,738,3,1.0986122886681098,0.40228094373501816,0.6963313449330917,1.4952313495527845
3,4,769,3,1.0986122886681098,0.28078795146830215,0.8178243371998076,1.3241727852678862
4,5,777,3,1.0986122886681098,0.28906941799648767,0.8095428706716221,1.3351844111383133
5,6,738,3,1.0986122886681098,0.8466505521694226,0.25196173649868714,2.331823436228968
6,7,738,3,1.0986122886681098,1.0948407946791383,0.003771493988971475,2.9887068274855406
7,8,745,3,1.0986122886681098,1.0337253079127218,0.06488698075538801,2.811520128057707
8,9,686,3,1.0986122886681098,0.3160538091327293,0.7825584795353805,1.3717040638462836
